,Lymphocytes | Freq. of Parent (%),Lymphocytes | Count,Lymphocytes/Single Cells/Single Cells/Live CAR | Freq. of Parent (%),Lymphocytes/Single Cells/Single Cells/Live CAR | Freq. of Lymphocytes (%),beads | Count,beads | Freq. of Parent (%),Lymphocytes/Single Cells/Single Cells/Live CAR/CD4 | Freq. of Parent (%),Lymphocytes/Single Cells/Single Cells/Live CAR/CD8 | Freq. of Parent (%),Lymphocytes/Single Cells/Single Cells/Live CAR/CD4 | Freq. of Parent (%),Lymphocytes/Single Cells/Single Cells/Live CAR/CD4 | Geometric Mean (CD39),Lymphocytes/Single Cells/Single Cells/Live CAR/CD4 | Geometric Mean (TIM3),Lymphocytes/Single Cells/Single Cells/Live CAR/CD4 | Geometric Mean (LAG3),Lymphocytes/Single Cells/Single Cells/Live CAR/CD4 | Geometric Mean (PD1),Lymphocytes/Single Cells/Single Cells/Live CAR/CD4 | Mean (CD39),Lymphocytes/Single Cells/Single Cells/Live CAR/CD4 | Mean (TIM3),Lymphocytes/Single Cells/Single Cells/Live CAR/CD4 | Mean (LAG3),Lymphocytes/Single Cells/Single Cells/Live CAR/CD4 | Mean (PD1),Lymphocytes/Single Cells/Single Cells/Live CAR/CD4/CD39 | Freq. of Parent (%),Lymphocytes/Single Cells/Single Cells/Live CAR/CD4/LAG3 | Freq. of Parent (%),Lymphocytes/Single Cells/Single Cells/Live CAR/CD4/PD1 | Freq. of Parent (%),Lymphocytes/Single Cells/Single Cells/Live CAR/CD8/TIM3 | Freq. of Parent (%),"Lymphocytes/Single Cells/Single Cells/Live CAR/CD8/Q12: CD127- , CD27- | Freq. of Parent (%)","Lymphocytes/Single Cells/Single Cells/Live CAR/CD8/Q11: CD127+ , CD27- | Freq. of Parent (%)","Lymphocytes/Single Cells/Single Cells/Live CAR/CD8/Q10: CD127+ , CD27+ | Freq. of Parent (%)","Lymphocytes/Single Cells/Single Cells/Live CAR/CD8/Q9: CD127- , CD27+ | Freq. of Parent (%)","Lymphocytes/Single Cells/Single Cells/Live CAR/CD8/Q8: CD62L- , CD25- | Freq. of Parent (%)","Lymphocytes/Single Cells/Single Cells/Live CAR/CD8/Q7: CD62L+ , CD25- | Freq. of Parent (%)","Lymphocytes/Single Cells/Single Cells/Live CAR/CD8/Q6: CD62L+ , CD25+ | Freq. of Parent (%)","Lymphocytes/Single Cells/Single Cells/Live CAR/CD8/Q5: CD62L- , CD25+ | Freq. of Parent (%)","Lymphocytes/Single Cells/Single Cells/Live CAR/CD8/Q4: CD45RO- , CD62L- | Freq. of Parent (%)","Lymphocytes/Single Cells/Single Cells/Live CAR/CD8/Q3: CD45RO+ , CD62L- | Freq. of Parent (%)","Lymphocytes/Single Cells/Single Cells/Live CAR/CD8/Q2: CD45RO+ , CD62L+ | Freq. of Parent (%)","Lymphocytes/Single Cells/Single Cells/Live CAR/CD8/Q1: CD45RO- , CD62L+ | Freq. of Parent (%)",Lymphocytes/Single Cells/Single Cells/Live CAR/CD8/PD1 | Freq. of Parent (%),Lymphocytes/Single Cells/Single Cells/Live CAR/CD8/LAG3 | Freq. of Parent (%),Lymphocytes/Single Cells/Single Cells/Live CAR/CD8/CD39 | Freq. of Parent (%),Lymphocytes/Single Cells/Single Cells/Live CAR/CD8 | Mean (PD1),Lymphocytes/Single Cells/Single Cells/Live CAR/CD8 | Mean (LAG3),Lymphocytes/Single Cells/Single Cells/Live CAR/CD8 | Mean (TIM3),Lymphocytes/Single Cells/Single Cells/Live CAR/CD8 | Mean (CD39),Lymphocytes/Single Cells/Single Cells/Live CAR/CD8 | Geometric Mean (PD1),Lymphocytes/Single Cells/Single Cells/Live CAR/CD8 | Geometric Mean (LAG3),Lymphocytes/Single Cells/Single Cells/Live CAR/CD8 | Geometric Mean (TIM3),Lymphocytes/Single Cells/Single Cells/Live CAR/CD8 | Geometric Mean (CD39),"Lymphocytes/Single Cells/Single Cells/Live CAR/CD4/Q1: CD45RO- , CD62L+ | Freq. of Parent (%)","Lymphocytes/Single Cells/Single Cells/Live CAR/CD4/Q2: CD45RO+ , CD62L+ | Freq. of Parent (%)",Lymphocytes/Single Cells/Single Cells/Live Untr | Freq. of Parent (%),Lymphocytes/Single Cells/Single Cells/Live Untr | Freq. of Lymphocytes (%),"Lymphocytes/Single Cells/Single Cells/Live CAR/CD4/Q3: CD45RO+ , CD62L- | Freq. of Parent (%)","Lymphocytes/Single Cells/Single Cells/Live CAR/CD4/Q4: CD45RO- , CD62L- | Freq. of Parent (%)",Lymphocytes/Single Cells/Single Cells/Live Untr/CD8 | Freq. of Parent (%),Lymphocytes/Single Cells/Single Cells/Live Untr/CD4 | Freq. of Parent (%),Lymphocytes/Single Cells/Single Cells/Live Untr/CD4/TIM3 | Freq. of Parent (%),Lymphocytes/Single Cells/Single Cells/Live Untr/CD8/TIM3 | Freq. of Parent (%),"Lymphocytes/Single Cells/Single Cells/Live Untr/CD8/Q9: CD127- , CD27+ | Freq. of Parent (%)","Lymphocytes/Single Cells/Single Cells/Live Untr/CD8/Q8: CD62L- , CD25- | Freq. of Parent (%)","Lymphocytes/Single Cells/Single Cells/Live Untr/CD8/Q7: CD62L+ , CD25- | Freq. of Parent (%)","Lymphocytes/Single Cells/Single Cells/Live Untr/CD8/Q6: CD62L+ , CD25+ | Freq. of Parent (%)","Lymphocytes/Single Cells/Single Cells/Live Untr/CD8/Q5: CD62L- , CD25+ | Freq. of Parent (%)","Lymphocytes/Single Cells/Single Cells/Live Untr/CD8/Q4: CD45RO- , CD62L- | Freq. of Parent (%)","Lymphocytes/Single Cells/Single Cells/Live Untr/CD8/Q3: CD45RO+ , CD62L- | Freq. of Parent (%)","Lymphocytes/Single Cells/Single Cells/Live Untr/CD8/Q2: CD45RO+ , CD62L+ | Freq. of Parent (%)","Lymphocytes/Single Cells/Single Cells/Live Untr/CD8/Q1: CD45RO- , CD62L+ | Freq. of Parent (%)","Lymphocytes/Single Cells/Single Cells/Live Untr/CD8/Q12: CD127- , CD27- | Freq. of Parent (%)","Lymphocytes/Single Cells/Single Cells/Live Untr/CD8/Q11: CD127+ , CD27- | Freq. of Parent (%)","Lymphocytes/Single Cells/Single Cells/Live Untr/CD8/Q10: CD127+ , CD27+ | Freq. of Parent (%)",Lymphocytes/Single Cells/Single Cells/Live Untr/CD8/PD1 | Freq. of Parent (%),Lymphocytes/Single Cells/Single Cells/Live Untr/CD8/LAG3 | Freq. of Parent (%),Lymphocytes/Single Cells/Single Cells/Live Untr/CD8/CD39 | Freq. of Parent (%),Lymphocytes/Single Cells/Single Cells/Live Untr/CD8 | Mean (PD1),Lymphocytes/Single Cells/Single Cells/Live Untr/CD8 | Mean (LAG3),Lymphocytes/Single Cells/Single Cells/Live Untr/CD8 | Mean (TIM3),Lymphocytes/Single Cells/Single Cells/Live Untr/CD8 | Mean (CD39),Lymphocytes/Single Cells/Single Cells/Live Untr/CD8 | Geometric Mean (PD1),Lymphocytes/Single Cells/Single Cells/Live Untr/CD8 | Geometric Mean (LAG3),Lymphocytes/Single Cells/Single Cells/Live Untr/CD8 | Geometric Mean (TIM3),Lymphocytes/Single Cells/Single Cells/Live Untr/CD8 | Geometric Mean (CD39),"Lymphocytes/Single Cells/Single Cells/Live Untr/CD4/Q9: CD127- , CD27+ | Freq. of Parent (%)","Lymphocytes/Single Cells/Single Cells/Live Untr/CD4/Q8: CD62L- , CD25- | Freq. of Parent (%)","Lymphocytes/Single Cells/Single Cells/Live Untr/CD4/Q7: CD62L+ , CD25- | Freq. of Parent (%)","Lymphocytes/Single Cells/Single Cells/Live Untr/CD4/Q6: CD62L+ , CD25+ | Freq. of Parent (%)","Lymphocytes/Single Cells/Single Cells/Live Untr/CD4/Q5: CD62L- , CD25+ | Freq. of Parent (%)","Lymphocytes/Single Cells/Single Cells/Live Untr/CD4/Q4: CD45RO- , CD62L- | Freq. of Parent (%)","Lymphocytes/Single Cells/Single Cells/Live Untr/CD4/Q3: CD45RO+ , CD62L- | Freq. of Parent (%)","Lymphocytes/Single Cells/Single Cells/Live Untr/CD4/Q2: CD45RO+ , CD62L+ | Freq. of Parent (%)","Lymphocytes/Single Cells/Single Cells/Live Untr/CD4/Q1: CD45RO- , CD62L+ | Freq. of Parent (%)","Lymphocytes/Single Cells/Single Cells/Live Untr/CD4/Q12: CD127- , CD27- | Freq. of Parent (%)","Lymphocytes/Single Cells/Single Cells/Live Untr/CD4/Q11: CD127+ , CD27- | Freq. of Parent (%)","Lymphocytes/Single Cells/Single Cells/Live Untr/CD4/Q10: CD127+ , CD27+ | Freq. of Parent (%)",Lymphocytes/Single Cells/Single Cells/Live Untr/CD4/PD1 | Freq. of Parent (%),Lymphocytes/Single Cells/Single Cells/Live Untr/CD4/LAG3 | Freq. of Parent (%),Lymphocytes/Single Cells/Single Cells/Live Untr/CD4/CD39 | Freq. of Parent (%),Lymphocytes/Single Cells/Single Cells/Live Untr/CD4 | Mean (PD1),Lymphocytes/Single Cells/Single Cells/Live Untr/CD4 | Mean (LAG3),Lymphocytes/Single Cells/Single Cells/Live Untr/CD4 | Mean (TIM3),Lymphocytes/Single Cells/Single Cells/Live Untr/CD4 | Mean (CD39),Lymphocytes/Single Cells/Single Cells/Live Untr/CD4 | Geometric Mean (PD1),Lymphocytes/Single Cells/Single Cells/Live Untr/CD4 | Geometric Mean (LAG3),Lymphocytes/Single Cells/Single Cells/Live Untr/CD4 | Geometric Mean (TIM3),Lymphocytes/Single Cells/Single Cells/Live Untr/CD4 | Geometric Mean (CD39),Lymphocytes/Single Cells/Single Cells/Live Untr/CD4 | Freq. of Parent (%),"Lymphocytes/Single Cells/Single Cells/Live CAR/CD4/Q5: CD62L- , CD25+ | Freq. of Parent (%)","Lymphocytes/Single Cells/Single Cells/Live CAR/CD4/Q6: CD62L+ , CD25+ | Freq. of Parent (%)","Lymphocytes/Single Cells/Single Cells/Live CAR/CD4/Q7: CD62L+ , CD25- | Freq. of Parent (%)","Lymphocytes/Single Cells/Single Cells/Live CAR/CD4/Q8: CD62L- , CD25- | Freq. of Parent (%)","Lymphocytes/Single Cells/Single Cells/Live CAR/CD4/Q9: CD127- , CD27+ | Freq. of Parent (%)","Lymphocytes/Single Cells/Single Cells/Live CAR/CD4/Q10: CD127+ , CD27+ | Freq. of Parent (%)","Lymphocytes/Single Cells/Single Cells/Live CAR/CD4/Q11: CD127+ , CD27- | Freq. of Parent (%)","Lymphocytes/Single Cells/Single Cells/Live CAR/CD4/Q12: CD127- , CD27- | Freq. of Parent (%)",Lymphocytes/Single Cells/Single Cells/Live CAR/CD4/TIM3 | Freq. of Parent (%),
2024.12.19 TCSL250 Week1 Repstim-Plate_002-Group_001-A1 Well_001_Unmixed.fcs,12.7,1967,66.6,60.8,1842,11.9,42.8,29.4,42.8,5324,2695,1419,2768,17072,4413,2544,3168,60.7,44.3,20.9,17.3,38.9,30.7,21.0,9.38,33.8,16.2,25.3,24.7,30.4,25.0,15.6,29.0,1.70,35.5,85.5,2032,1419,3112,35126,1900,973,2293,16153,22.5,40.2,15.8,14.4,25.8,11.5,49.1,40.3,1.75,5.04,6.47,43.9,24.5,25.2,6.47,29.5,18.7,18.7,33.1,38.8,35.3,19.4,0,7.91,71.9,1844,286,1930,20343,1758,258,1673,7027,0.88,21.9,43.0,27.2,7.89,3.51,21.9,36.0,38.6,11.4,43.0,44.7,0,1.75,41.2,1735,47.0,1532,9749,1654,2.75,1352,2026,40.3,24.6,36.1,17.4,21.9,2.34,26.4,51.8,19.5,25.2,
2024.12.19 TCSL250 Week1 Repstim-Plate_002-Group_001-A2 Well_002_Unmixed.fcs,11.2,3394,62.3,54.9,2992,9.88,40.8,37.3,40.8,14407,3149,769,2496,36406,5368,1345,2952,79.2,26.4,13.3,32.3,33.7,38.6,21.6,6.05,17.9,9.08,39.5,33.6,18.6,28.4,26.1,26.9,5.62,29.4,91.1,3022,1845,4902,59273,1855,840,3140,31199,17.2,54.4,10.3,9.05,21.0,7.36,58.0,35.2,3.70,4.49,2.25,35.4,23.0,26.4,15.2,25.3,24.7,14.6,35.4,27.5,50.6,19.7,2.25,3.93,81.5,1928,174,1907,25499,1800,160,1635,12214,1.85,19.4,44.4,26.9,9.26,2.78,20.4,40.7,36.1,3.70,52.8,41.7,2.78,2.78,36.1,1906,5.11,1872,8523,1762,-0.51,1593,2502,35.2,21.8,48.8,14.3,15.1,1.18,21.6,51.1,26.1,30.5,
2024.12.19 TCSL250 Week1 Repstim-Plate_002-Group_001-A3 Well_003_Unmixed.fcs,10.3,3015,50.7,47.1,3145,10.7,37.9,31.9,37.9,6622,3113,1339,2625,19194,5515,9040,3073,65.4,41.6,17.7,14.8,23.8,31.9,34.1,10.1,33.0,15.2,26.7,25.1,22.0,33.7,16.3,28.0,1.10,28.0,88.1,1833,1178,2922,37433,1721,786,2327,19383,19.1,42.9,14.4,13.4,27.9,10.0,55.6,36.8,2.68,5.33,4.44,37.8,21.8,25.8,14.7,24.4,26.2,14.7,34.7,25.8,35.1,34.7,0,12.0,85.8,1706,414,2173,29377,1629,355,1863,15025,0,12.1,43.6,36.2,8.05,0.67,16.1,48.3,34.9,4.03,45.0,51.0,0.67,2.68,38.3,1820,73.9,1938,7094,1692,70.4,1675,2609,36.8,24.5,35.5,19.1,20.8,2.60,29.7,55.0,12.6,28.3,
2024.12.19 TCSL250 Week1 Repstim-Plate_002-Group_001-A4 Well_004_Unmixed.fcs,20.3,8118,57.2,53.2,3035,7.61,40.9,40.5,40.9,5300,2388,986,2472,18517,3910,3833,2960,58.1,32.3,15.5,12.4,17.8,34.2,37.6,10.4,30.1,16.2,29.9,23.7,24.1,27.9,18.4,29.7,3.89,20.7,82.1,2088,795,2655,31408,1840,604,2004,14289,22.9,45.9,24.2,22.5,25.9,5.26,56.5,35.7,3.98,5.61,8.51,34.6,21.4,29.0,15.0,24.2,24.1,16.4,35.3,17.7,35.3,38.5,2.51,10.3,79.3,1920,387,1979,25693,1765,326,1646,11369,1.68,13.5,42.1,37.4,7.04,1.23,17.0,41.7,40.1,4.90,39.1,54.4,2.30,3.37,39.4,1924,82.2,1752,8817,1758,70.4,1481,2586,35.7,20.1,39.6,22.6,17.7,2.49,36.3,50.4,10.8,20.3,
2024.12.19 TCSL250 Week1 Repstim-Plate_002-Group_001-A5 Well_005_Unmixed.fcs,15.8,2649,69.7,63.9,3053,18.2,42.9,41.1,42.9,4173,2496,854,2201,16263,3546,1669,2510,48.7,27.5,8.12,18.4,27.5,26.0,33.3,13.2,27.0,17.1,28.8,27.1,23.1,28.0,17.8,31.1,0.29,26.0,83.4,1734,952,3119,40639,1635,724,2408,18012,30.9,39.6,25.1,23.1,25.2,4.26,51.7,43.9,0.75,3.16,8.23,35.4,23.4,28.2,13.0,24.7,21.2,18.0,36.1,28.2,32.9,30.7,0,9.81,77.5,1739,346,1916,29314,1659,297,1691,11591,2.61,8.58,43.3,40.3,7.84,0.75,11.6,30.6,57.1,5.60,26.9,64.9,0.37,1.49,25.4,1751,22.9,1788,6186,1671,11.2,1603,1808,43.9,26.3,38.9,24.1,10.7,6.05,47.6,33.7,12.7,21.0,
2024.12.19 TCSL250 Week1 Repstim-Plate_002-Group_001-A6 Well_006_Unmixed.fcs,12.9,4633,52.7,48.0,2843,7.94,37.6,32.8,37.6,12090,3750,1935,3224,27800,6432,3156,3676,78.6,55.8,28.1,18.8,26.0,28.6,26.8,18.5,25.5,12.7,35.6,26.2,18.2,30.3,29.2,22.3,0.96,42.1,88.4,1945,1860,3495,44562,1822,1262,2320,22954,14.2,54.5,8.22,7.49,24.1,7.17,64.3,24.8,5.81,1.79,10.3,39.9,22.9,25.6,11.7,24.2,24.7,21.5,29.6,28.3,32.7,28.7,0.45,17.0,79.8,1679,649,1464,30589,1586,540,1314,12479,1.16,19.8,44.2,29.1,6.98,3.49,19.8,44.2,32.6,5.81,47.7,45.3,2.33,8.14,48.8,1902,374,2147,18165,1766,253,1739,4120,24.8,24.9,47.0,12.3,15.9,4.54,26.9,51.5,17.1,38.4,
2024.12.19 TCSL250 Week1 Repstim-Plate_002-Group_001-A7 Well_007_Unmixed.fcs,12.1,2968,57.8,53.8,2886,11.8,42.8,32.5,42.8,9066,3392,1714,2921,30065,6203,3102,3490,67.1,49.6,24.6,17.1,32.9,25.6,28.1,13.3,27.7,13.7,30.3,28.3,20.2,33.7,19.8,26.2,1.16,38.9,83.6,1924,1927,3442,42274,1811,1231,2335,18869,16.4,49.9,12.9,12.1,26.6,7.03,57.5,34.6,0,2.43,8.74,35.4,24.3,22.3,18.0,19.9,31.1,17.0,32.0,31.6,28.2,31.6,0.49,21.4,77.7,1791,909,1776,29385,1695,678,1582,11637,0.81,13.7,49.2,30.6,6.45,1.61,15.3,41.1,41.9,7.26,35.5,56.5,0.81,4.03,38.7,1785,153,1618,10836,1684,142,1473,2784,34.6,26.6,41.7,16.7,14.9,3.07,29.3,49.8,17.9,34.6,
2024.12.19 TCSL250 Week1 Repstim-Plate_002-Group_001-A8 Well_008_Unmixed.fcs,9.84,3067,63.2,56.8,3098,9.94,41.5,37.6,41.5,14182,3047,994,2900,45332,4864,1658,3331,78.0,31.3,17.0,31.0,36.2,22.9,22.0,18.8,14.8,7.49,39.4,38.2,11.9,36.9,28.7,22.5,2.14,36.7,89.6,2141,1740,5192,70379,1991,1085,2969,34573,14.0,59.3,12.0,10.8,19.3,7.48,55.5,35.8,1.69,1.64,10.9,29.0,14.8,31.7,24.6,17.5,31.7,16.9,33.9,26.8,33.3,29.0,1.09,10.4,79.8,1903,315,1608,32018,1794,275,1389,14431,0.85,15.3,41.5,32.2,11.0,1.69,18.6,43.2,36.4,4.24,40.7,54.2,0.85,3.39,36.4,2153,37.3,1697,8663,2039,34.4,1521,2266,35.8,19.3,54.4,10.5,15.8,3.46,23.7,43.6,29.2,28.8,
2024.12.19 TCSL250 Week1 Repstim-Plate_002-Group_001-A9 Well_009_Unmixed.fcs,12.2,2790,57.5,53.8,3064,13.4,39.3,39.5,39.3,7300,2393,1145,2585,24259,4261,2306,2896,62.6,35.8,12.6,12.1,31.5,22.9,26.3,19.2,25.3,13.2,32.5,29.0,23.1,27.5,21.2,28.2,0.84,32.0,84.5,2039,1270,2540,41602,1931,925,1786,18904,20.9,47.7,19.8,18.5,25.8,5.60,58.6,36.2,1.07,2.64,13.9,31.7,19.1,34.3,14.9,21.5,23.1,20.1,35.3,28.1,30.4,27.7,0.66,14.9,78.2,1886,475,1508,26986,1795,417,1288,11251,1.07,10.2,41.2,38.0,10.7,1.60,16.0,39.0,43.3,5.35,39.6,54.0,0.53,3.21,42.2,1887,102,1260,12821,1787,53.4,1076,3326,36.2,26.7,40.2,19.7,13.4,5.09,34.8,41.1,19.0,24.6,
2024.12.19 TCSL250 Week1 Repstim-Plate_002-Group_001-A10 Well_010_Unmixed.fcs,14.4,3906,60.5,55.8,3295,12.2,43.7,40.6,43.7,6161,2268,907,2666,23342,3976,1838,3157,59.5,30.6,17.3,9.50,28.4,23.3,32.6,15.7,27.0,14.4,31.8,26.8,21.2,29.4,19.9,29.5,2.94,21.9,85.5,2143,1038,2135,39446,1967,651,1585,18219,24.6,48.3,29.0,26.8,22.7,4.51,52.8,41.4,4.16,2.36,9.42,31.9,19.6,32.6,15.9,21.2,24.6,19.0,35.1,27.7,26.1,36.8,1.99,10.1,83.5,2034,382,1425,29626,1883,297,1236,13986,1.39,9.24,38.8,41.8,10.2,1.39,14.5,43.6,40.4,8.08,42.3,48.3,6.47,2.54,39.0,2344,-20.4,1592,10728,2033,-61.6,1326,2842,41.4,21.8,43.2,22.6,12.4,3.46,33.6,43.3,19.6,22.8,
2024.12.19 TCSL250 Week1 Repstim-Plate_002-Group_001-A11 Well_011_Unmixed.fcs,11.7,1893,63.1,58.6,2971,18.4,43.2,40.3,43.2,5178,2616,1018,2277,19116,5551,2171,2716,55.1,33.0,12.3,15.2,21.9,20.8,39.1,18.1,20.4,13.9,31.8,34.0,18.8,33.1,17.2,30.9,1.12,30.4,83.9,1825,1327,2843,51671,1714,860,2068,21454,25.9,39.2,24.8,23.1,29.4,5.43,52.2,44.2,2.59,4.82,10.1,27.2,19.7,35.1,18.0,19.7,23.7,16.2,40.4,20.6,22.4,46.9,0.44,13.6,78.9,1775,489,1941,36457,1689,392,1537,13603,2.59,1.55,38.3,53.9,6.22,0,6.74,40.4,52.8,5.70,18.7,73.1,0.52,1.55,31.6,1663,41.5,1785,8200,1567,35.4,1549,2214,44.2,28.0,41.1,18.8,12.1,7.31,44.9,35.1,12.7,22.5,
2024.12.19 TCSL250 Week1 Repstim-Plate_002-Group_001-A12 Well_012_Unmixed.fcs,10.6,3247,53.5,49.2,3088,10.1,40.9,34.4,40.9,11935,3741,1770,3171,34437,7170,3086,3684,75.3,53.4,26.3,20.2,19.1,27.3,38.7,14.9,18.0,7.64,38.2,36.2,14.4,38.2,27.3,20.2,1.64,43.5,87.1,2063,2135,3891,55014,1844,1387,2515,26287,13.2,53.3,9.17,8.44,27.1,6.43,60.6,27.4,2.67,3.01,7.23,25.9,16.3,35.5,22.3,18.7,28.3,22.3,30.7,23.5,24.7,44.6,0.60,24.1,79.5,1715,876,1863,35629,1629,701,1551,14088,5.33,9.33,32.0,45.3,13.3,2.67,17.3,46.7,33.3,6.67,41.3,46.7,1.33,2.67,49.3,1736,94.3,1967,15655,1605,90.2,1722,4332,27.4,31.4,49.0,7.20,12.4,4.75,28.0,53.9,13.3,38.6,
2024.12.19 TCSL250 Week1 Repstim-Plate_002-Group_001-B1 Well_013_Unmixed.fcs,19.0,6346,50.4,47.5,3134,9.39,37.2,35.3,37.2,5668,2891,1053,2683,17312,4601,1728,3208,59.8,35.4,17.0,18.2,20.1,34.6,34.6,10.7,37.2,17.6,23.1,22.1,22.9,33.6,18.5,24.9,4.70,19.4,85.5,2123,727,3254,31821,1803,501,2327,16052,18.9,48.8,12.6,11.9,27.3,4.99,59.5,30.9,3.00,5.36,7.37,45.3,27.0,17.9,9.82,24.8,27.9,15.6,31.7,25.0,36.2,31.5,1.56,6.70,80.8,1762,209,2007,22718,1625,174,1696,11165,0.86,15.5,45.1,33.5,6.01,1.29,18.5,37.8,42.5,3.43,38.6,57.1,3.86,4.72,33.5,1968,179,1841,6327,1782,130,1562,2263,30.9,20.1,39.7,20.9,19.3,2.14,34.2,54.3,9.36,26.6,
2024.12.19 TCSL250 Week1 Repstim-Plate_002-Group_001-B2 Well_014_Unmixed.fcs,16.2,2266,55.4,51.9,3050,21.8,43.1,34.8,43.1,4627,2399,999,2110,18387,4151,2927,2453,52.1,30.4,7.50,14.9,21.0,28.8,33.7,16.6,26.8,16.3,25.6,31.2,19.5,36.1,19.3,25.1,0.49,26.8,84.6,1431,969,3182,38537,1332,725,2252,18093,24.3,42.0,17.7,16.6,29.2,4.54,48.4,46.8,1.70,1.65,11.5,37.9,23.1,23.1,15.9,20.9,31.9,17.0,30.2,25.8,31.9,30.8,0,8.24,79.7,1450,319,1800,25037,1363,286,1577,11239,0.57,10.8,45.5,36.4,7.39,1.14,13.6,38.6,46.6,2.27,34.1,63.1,0.57,1.70,28.4,1578,214,1703,7837,1488,190,1482,2190,46.8,27.0,33.7,24.9,14.4,1.38,43.2,48.3,7.10,19.5,
2024.12.19 TCSL250 Week1 Repstim-Plate_002-Group_001-B3 Well_015_Unmixed.fcs,28.3,6508,64.3,61.3,2916,12.7,47.6,38.4,47.6,3875,2186,627,1879,16190,3296,1125,2094,48.6,20.5,4.64,12.7,20.1,28.1,40.3,11.6,29.0,20.3,27.3,23.5,22.9,27.3,16.8,33.1,0.33,18.6,82.6,1541,671,2669,35013,1450,517,2109,15244,34.1,41.2,29.2,27.8,21.3,3.43,46.0,50.2,1.43,2.52,7.92,34.5,26.8,25.5,13.3,24.5,21.8,13.6,40.1,17.9,31.0,43.2,0.12,5.16,77.3,1558,176,1830,24525,1480,152,1617,10134,0.33,7.81,37.1,48.5,6.60,0.55,11.9,33.0,54.6,3.52,23.4,72.7,0.22,2.09,31.8,1582,130,1710,6431,1501,108,1519,1958,50.2,17.9,42.8,26.6,12.7,2.11,58.2,33.6,6.06,14.6,
2024.12.19 TCSL250 Week1 Repstim-Plate_002-Group_001-B4 Well_016_Unmixed.fcs,18.4,6497,63.4,59.6,3029,8.60,33.1,46.3,33.1,5519,2222,765,2077,19964,3340,1338,2576,56.9,24.1,7.96,8.21,20.7,34.4,33.5,11.4,39.2,16.9,23.8,20.1,21.5,35.2,18.6,24.7,0.45,22.7,87.6,1579,798,2203,36165,1476,611,1719,18921,25.2,49.6,27.5,25.9,20.7,4.52,55.5,30.7,1.55,0.97,8.05,44.6,22.7,21.2,11.4,23.7,29.7,16.0,30.6,20.0,40.2,31.8,0.54,10.4,83.4,1562,359,1490,24641,1472,292,1304,12448,1.16,11.0,43.2,39.0,6.78,0.58,13.4,39.3,46.7,4.26,31.2,63.4,0.39,4.26,35.7,1679,189,1652,8434,1582,176,1471,2524,30.7,16.6,41.9,26.1,15.4,2.50,45.9,42.2,9.36,16.3,
2024.12.19 TCSL250 Week1 Repstim-Plate_002-Group_001-B5 Well_017_Unmixed.fcs,21.2,11099,59.2,55.4,3001,5.73,35.1,46.6,35.1,5488,2139,869,2242,17553,3298,1486,2545,56.0,27.2,9.76,7.35,18.7,33.3,33.5,14.5,33.9,20.2,26.5,19.4,18.5,31.9,22.6,27.0,0.66,21.7,81.5,1693,797,2165,31506,1590,609,1647,13542,28.0,44.8,22.1,20.7,23.4,3.84,61.2,31.6,0.83,0.78,11.1,40.9,27.6,20.9,10.6,22.0,27.5,17.3,33.2,16.9,37.3,34.8,0.21,9.53,73.4,1590,319,1384,20645,1508,268,1213,8016,0.96,9.09,51.7,34.4,4.82,0.41,9.50,34.8,55.2,2.07,32.1,64.9,0.83,3.17,31.4,1775,150,1553,6751,1680,137,1387,2370,31.6,16.5,39.1,26.7,17.8,2.82,44.1,43.6,9.39,15.5,
2024.12.19 TCSL250 Week1 Repstim-Plate_002-Group_001-B6 Well_018_Unmixed.fcs,18.3,9342,58.5,54.7,2910,5.70,30.5,45.0,30.5,5836,2209,1062,2332,18328,3636,1836,2670,58.7,33.5,12.0,6.69,22.5,32.8,32.0,12.8,38.0,18.9,24.3,18.8,20.9,32.0,22.4,24.6,0.39,26.7,83.3,1746,1265,1988,31700,1631,756,1542,14857,24.3,40.6,26.5,24.8,29.7,5.45,60.8,25.8,0.84,1.28,10.3,45.4,24.1,18.3,12.2,23.7,29.9,18.8,27.6,22.0,34.8,32.9,0.14,17.6,78.5,1666,613,1390,23705,1581,499,1218,10639,0.84,12.4,46.7,34.7,6.20,1.01,14.9,37.4,46.7,4.69,34.5,60.0,0.34,3.69,37.9,1735,151,1377,8361,1650,125,1238,2776,25.8,20.4,32.2,25.4,22.0,2.24,36.6,50.2,11.0,19.0,
2024.12.19 TCSL250 Week1 Repstim-Plate_002-Group_001-B7 Well_019_Unmixed.fcs,10.1,2085,50.7,46.4,2983,14.4,42.4,33.8,42.4,7635,3372,1284,2632,26592,5894,2498,3058,64.9,42.7,19.8,16.8,27.8,25.1,33.6,13.5,22.9,18.0,28.1,30.9,16.8,34.6,20.5,28.1,0.31,25.4,85.3,1757,910,3137,39251,1655,672,2272,18253,18.0,49.3,13.3,12.2,27.1,5.61,57.5,38.6,2.04,4.79,11.0,30.8,27.4,30.1,11.6,20.5,21.2,21.2,37.0,21.2,30.1,37.7,0,8.22,78.1,1650,169,1904,24933,1569,150,1599,10620,0,6.12,46.9,35.7,11.2,0,13.3,38.8,48.0,6.12,29.6,64.3,0,1.02,31.6,1799,-63.1,1780,8403,1692,-60.3,1614,2302,38.6,24.9,42.0,18.5,14.6,5.12,37.3,43.7,13.9,35.6,
2024.12.19 TCSL250 Week1 Repstim-Plate_002-Group_001-B8 Well_020_Unmixed.fcs,16.2,2068,64.5,59.9,3124,24.5,47.2,38.2,47.2,4990,2181,833,2203,20114,3325,1737,2646,54.4,25.3,8.55,15.0,24.5,18.0,31.7,25.8,18.8,14.2,31.1,35.9,20.7,32.6,19.2,27.5,0.63,25.8,83.7,1866,1057,2941,46456,1769,784,2094,19599,26.7,45.1,24.1,22.4,25.5,2.74,48.2,48.6,2.67,1.79,12.1,23.3,20.2,36.3,20.2,22.4,20.2,18.8,38.6,19.3,25.1,43.5,0.45,4.48,75.8,1810,244,1571,29194,1728,216,1377,11239,2.22,6.67,35.6,49.3,8.44,0.44,12.4,39.1,48.0,4.00,25.8,68.0,0,2.22,35.1,1782,168,1516,6732,1703,158,1299,2330,48.6,26.5,42.1,22.1,9.40,7.01,48.9,30.1,14.0,19.8,
2024.12.19 TCSL250 Week1 Repstim-Plate_002-Group_001-B9 Well_021_Unmixed.fcs,20.5,2776,76.3,72.1,3000,22.2,50.6,39.7,50.6,3864,1804,514,1954,18132,2854,979,2174,47.0,17.7,5.04,15.2,24.0,16.4,35.1,24.5,18.9,14.8,28.3,38.0,19.1,34.3,16.6,29.9,0.25,23.4,84.3,1799,895,2784,44976,1703,665,2021,18944,34.2,42.6,37.6,35.6,21.3,1.88,43.5,52.9,1.53,3.03,14.0,24.2,19.8,31.7,24.2,20.0,25.2,15.9,38.9,20.3,21.9,43.8,0.23,6.06,80.0,1778,211,1638,29291,1689,179,1403,11849,1.34,6.90,31.4,51.7,9.96,0.38,13.0,34.5,52.1,3.45,24.7,70.5,0.19,1.72,30.3,1741,26.3,1429,7525,1645,22.1,1265,1984,52.9,20.4,47.3,23.4,8.89,6.92,59.7,24.9,8.50,12.4,
2024.12.19 TCSL250 Week1 Repstim-Plate_002-Group_001-B10 Well_022_Unmixed.fcs,17.9,4358,62.0,58.1,3158,12.9,41.8,43.4,41.8,5688,2091,797,2356,21696,3416,1620,2691,58.0,26.6,11.7,9.64,27.4,17.8,33.6,21.2,26.1,10.0,30.9,33.0,20.5,36.2,18.5,24.7,1.36,30.6,87.6,2060,1627,2406,44107,1922,883,1736,21930,24.4,49.9,27.4,25.7,20.9,4.91,53.6,42.3,1.69,2.33,15.8,31.5,13.2,31.0,24.3,23.5,30.5,16.0,30.0,23.8,21.3,39.0,0.67,11.8,83.7,1906,425,1602,33470,1794,352,1291,15726,1.90,7.61,29.8,53.3,9.30,0.85,12.5,44.6,42.1,5.92,29.6,62.6,1.48,3.38,40.6,1877,19.8,1442,10610,1765,8.35,1249,2898,42.3,19.3,51.0,16.7,13.0,7.46,47.0,33.6,11.9,17.7,
2024.12.19 TCSL250 Week1 Repstim-Plate_002-Group_001-B11 Well_023_Unmixed.fcs,17.6,4872,52.0,48.6,3116,11.3,41.3,40.5,41.3,6480,2369,1036,2448,24336,4439,1959,2854,59.9,32.1,14.0,10.3,21.4,23.7,37.4,17.5,18.6,15.1,34.4,31.9,13.9,34.1,22.3,29.7,1.04,26.8,81.8,1921,1053,2367,45813,1804,760,1767,17109,24.5,45.9,18.6,17.4,25.7,3.89,56.8,37.3,1.90,1.25,11.4,23.3,23.1,33.1,20.6,13.7,28.1,18.7,39.5,18.9,29.7,39.9,0,9.56,72.1,1802,344,1420,28072,1719,273,1234,8820,2.22,7.91,25.0,56.0,11.1,0.32,14.6,41.1,44.0,3.48,27.2,67.1,0.63,1.27,38.6,1839,34.7,1530,13143,1724,33.2,1349,2951,37.3,25.2,47.5,14.5,12.8,6.44,43.4,39.5,10.7,21.1,
2024.12.19 TCSL250 Week1 Repstim-Plate_002-Group_001-B12 Well_024_Unmixed.fcs,18.1,5535,48.2,45.4,2941,9.62,37.5,40.5,37.5,5379,2423,864,2432,19657,4125,1893,2904,55.2,28.4,15.0,11.1,19.8,27.2,40.6,12.4,25.8,10.5,30.7,32.9,17.0,38.6,18.3,26.1,2.85,22.9,85.0,2164,869,2645,42139,1833,628,1920,19014,28.1,41.8,20.6,19.4,24.5,5.61,57.9,36.2,4.37,4.34,10.5,32.5,13.8,26.2,27.5,19.9,37.6,15.3,27.2,20.6,28.6,40.4,1.45,14.3,81.8,1848,437,1817,34765,1724,357,1511,14459,1.03,8.48,30.8,51.7,9.00,1.54,12.6,37.5,48.3,4.11,30.3,64.5,2.31,2.31,32.6,1932,28.8,1864,8049,1782,25.8,1530,2420,36.2,21.8,44.8,17.8,15.6,2.65,45.4,43.2,8.69,21.8,
2024.12.19 TCSL250 Week1 Repstim-Plate_002-Group_001-C1 Well_025_Unmixed.fcs,7.46,668,52.1,48.2,2875,32.1,37.0,33.5,37.0,4633,3050,931,2311,16794,5398,1762,2649,55.5,29.4,12.6,18.5,23.1,34.3,35.2,7.41,26.9,15.7,29.6,27.8,14.8,36.1,19.4,29.6,0,19.4,80.6,1517,732,3244,38455,1425,616,2533,15397,20.2,42.0,18.6,17.2,28.6,9.24,48.7,43.5,4.00,7.14,5.36,39.3,17.9,30.4,12.5,17.9,30.4,17.9,33.9,26.8,35.7,32.1,0,7.14,76.8,1568,358,2179,28122,1488,321,1851,11210,0,16.0,36.0,40.0,8.00,0,16.0,48.0,36.0,4.00,42.0,54.0,0,0,28.0,1581,55.4,2624,5504,1494,52.6,1897,1771,43.5,26.1,33.6,19.3,21.0,0.84,37.8,54.6,6.72,22.7,
2024.12.19 TCSL250 Week1 Repstim-Plate_002-Group_001-C2 Well_026_Unmixed.fcs,9.02,940,58.1,54.0,3156,30.3,43.3,31.9,43.3,4574,3053,1167,2126,17339,4678,2499,2434,49.1,35.9,9.55,25.9,13.0,34.0,40.7,12.3,16.7,6.17,39.5,37.7,12.3,39.5,26.5,21.6,0,25.3,82.7,1482,912,3908,40296,1384,652,3054,16005,26.8,40.5,17.1,16.0,29.1,3.64,50.0,44.0,9.09,9.33,4.00,22.7,8.00,42.7,26.7,10.7,36.0,22.7,30.7,10.7,49.3,36.0,0,6.67,74.7,1580,170,2695,30650,1497,155,2211,9998,0,1.52,43.9,48.5,6.06,1.52,3.03,37.9,57.6,0,27.3,72.7,1.52,3.03,25.8,1744,156,2568,7488,1618,91.8,1998,2046,44.0,28.6,40.9,20.5,10.0,3.18,50.0,40.5,6.36,26.4,
2024.12.19 TCSL250 Week1 Repstim-Plate_002-Group_001-C3 Well_027_Unmixed.fcs,12.2,1615,59.6,55.0,2765,20.8,43.0,34.3,43.0,6368,2940,1098,2161,22368,5161,2252,2602,61.3,31.9,11.5,18.7,20.0,30.2,35.7,14.1,20.0,10.2,36.7,33.1,14.8,36.1,21.0,28.2,0.66,26.6,83.6,1443,1092,3387,41657,1347,796,2545,18162,22.5,46.9,20.1,18.6,25.1,5.50,50.3,43.7,0.76,5.96,7.95,20.5,14.6,42.4,22.5,17.2,23.8,21.2,37.7,17.9,35.8,38.4,0,6.62,74.8,1453,380,2603,28983,1382,285,2003,10596,0.76,3.05,32.1,58.0,6.87,0.76,6.87,48.9,43.5,2.29,26.0,71.0,0,3.82,34.4,1677,270,1809,8247,1598,198,1626,2305,43.7,27.2,44.0,16.2,12.6,2.62,49.2,39.5,8.64,27.7,
2024.12.19 TCSL250 Week1 Repstim-Plate_002-Group_001-C4 Well_028_Unmixed.fcs,12.1,1753,56.0,51.6,2892,20.0,43.1,37.2,43.1,5058,2475,940,2209,18376,4094,1765,2530,55.4,29.5,10.3,15.5,22.3,28.9,36.6,12.2,26.2,12.8,33.3,27.7,17.6,33.6,19.9,28.9,0,19.9,82.4,1579,854,3094,38648,1495,593,2218,16193,24.4,43.3,22.4,20.7,25.9,6.41,51.7,42.0,3.29,3.21,8.56,32.6,16.0,31.6,19.8,20.3,30.5,15.0,34.2,19.3,30.5,41.7,0,6.42,74.3,1517,226,1916,29104,1443,195,1570,9610,1.32,5.92,41.4,42.1,10.5,1.32,13.2,42.1,43.4,9.87,24.3,64.5,0,2.63,34.2,1703,102,1727,8681,1608,94.8,1491,2407,42.0,24.9,37.4,22.3,15.4,3.85,45.6,37.7,12.8,21.3,
2024.12.19 TCSL250 Week1 Repstim-Plate_002-Group_001-C5 Well_029_Unmixed.fcs,11.0,772,70.7,63.6,3118,44.5,49.7,40.1,49.7,1790,1643,193,1736,6221,2710,336,1872,27.5,8.61,2.05,4.06,11.7,16.2,51.8,20.3,18.8,23.9,40.6,16.8,12.7,20.8,18.8,47.7,1.02,8.12,62.4,1688,318,2102,14573,1581,245,1719,4890,49.2,39.8,58.6,52.7,9.43,1.64,44.5,52.8,0.93,2.21,20.4,18.2,24.9,40.3,16.6,11.6,21.5,17.1,49.7,11.6,16.0,51.9,1.10,6.63,60.2,1701,274,1837,12515,1594,202,1644,4375,5.58,3.26,30.2,61.9,4.65,0,6.05,40.0,54.0,5.12,15.8,73.5,0.47,2.33,24.2,1745,32.7,1594,4675,1649,27.3,1419,1558,52.8,5.74,59.8,27.5,6.97,4.51,70.1,20.5,4.92,5.33,
2024.12.19 TCSL250 Week1 Repstim-Plate_002-Group_001-C7 Well_031_Unmixed.fcs,8.62,959,46.5,42.1,3056,27.5,37.9,36.6,37.9,6521,3261,1240,2466,22680,7779,3462,4522,62.7,38.6,18.3,12.8,29.1,21.6,32.4,16.9,33.1,8.78,30.4,27.7,23.6,33.1,19.6,23.6,2.03,17.6,86.5,1771,742,2904,44447,1645,561,1992,23120,25.5,42.5,17.6,16.0,22.2,9.80,57.5,37.3,5.26,3.41,10.2,38.6,10.2,30.7,20.5,25.0,33.0,15.9,26.1,30.7,22.7,36.4,1.14,9.09,83.0,1689,317,1636,37739,1591,288,1382,18122,1.75,7.02,36.8,54.4,1.75,0,7.02,38.6,54.4,5.26,31.6,61.4,0,1.75,29.8,1711,-15.2,2030,6966,1635,-14.9,1789,2145,37.3,21.6,41.8,19.6,17.0,3.92,42.5,40.5,13.1,31.4,
2024.12.19 TCSL250 Week1 Repstim-Plate_002-Group_001-C8 Well_032_Unmixed.fcs,9.22,918,58.2,52.8,3004,30.2,41.4,38.6,41.4,6013,2159,831,2235,22558,3352,1637,2563,60.7,28.4,8.96,12.3,27.8,15.5,32.6,24.1,31.0,16.6,24.6,27.8,25.1,32.6,11.2,31.0,0.53,27.3,87.2,1798,1130,2575,45747,1715,740,1835,21703,20.9,47.8,21.1,19.2,24.9,6.47,59.7,37.5,6.06,1.90,10.5,40.0,21.9,21.9,16.2,27.6,26.7,10.5,35.2,24.8,23.8,41.0,0,5.71,82.9,1701,177,1381,31343,1641,142,1177,14583,1.52,10.6,27.3,48.5,13.6,0,21.2,36.4,42.4,7.58,33.3,57.6,0,4.55,31.8,1749,-102,1585,11827,1645,-104,1294,2455,37.5,27.4,46.8,14.9,10.9,8.46,42.8,33.8,14.9,19.9,
2024.12.19 TCSL250 Week1 Repstim-Plate_002-Group_001-C9 Well_033_Unmixed.fcs,8.03,1077,49.8,45.5,3423,25.5,41.4,30.4,41.4,5591,2922,1231,2796,21412,5654,2437,3204,58.6,36.9,23.6,15.4,30.9,19.5,30.2,19.5,19.5,8.72,33.6,38.3,19.5,34.2,18.1,28.2,1.34,26.8,83.9,2033,1001,2621,47844,1911,695,1927,20238,25.1,35.0,15.0,13.6,30.0,9.85,49.0,43.5,4.69,6.94,9.72,27.8,13.9,40.3,18.1,15.3,29.2,16.7,38.9,31.9,25.0,33.3,0,12.5,75.0,1972,360,1931,29987,1863,265,1527,10021,4.69,7.81,32.8,46.9,12.5,3.12,10.9,34.4,51.6,3.12,17.2,75.0,1.56,3.12,26.6,2138,79.2,1802,6654,1942,44.2,1574,1730,43.5,35.5,36.0,13.3,15.3,4.93,41.4,36.9,16.7,28.6,
2024.12.19 TCSL250 Week1 Repstim-Plate_002-Group_001-C10 Well_034_Unmixed.fcs,7.74,1061,53.0,48.5,3160,23.0,41.9,33.8,41.9,6509,2413,1219,2562,21577,4795,2412,2952,59.3,39.4,17.1,10.9,29.9,18.4,30.5,21.3,24.1,20.7,27.0,28.2,18.4,31.0,17.2,33.3,1.15,17.8,82.2,1970,680,2298,39148,1861,480,1763,17563,26.4,38.4,19.1,17.5,27.3,7.87,53.8,41.4,1.30,0,13.0,31.0,26.0,23.0,20.0,23.0,26.0,16.0,35.0,33.0,20.0,34.0,0,3.00,81.0,1827,77.4,1332,31728,1743,85.5,1196,15019,5.19,13.0,35.1,42.9,9.09,0,14.3,35.1,50.6,6.49,35.1,53.2,0,2.60,35.1,1812,-84.3,1384,10646,1745,-93.8,1178,2648,41.4,28.7,35.6,17.1,18.5,4.17,32.4,44.9,18.5,25.9,
2024.12.19 TCSL250 Week1 Repstim-Plate_002-Group_001-C11 Well_035_Unmixed.fcs,32.1,3321,82.5,78.7,3249,31.4,58.6,35.8,58.6,1128,1490,0.078,1684,3060,1868,76.2,1799,16.6,3.52,1.11,7.58,13.1,15.5,47.6,23.8,15.5,22.9,49.3,12.3,13.1,13.7,17.8,55.4,0.53,6.51,56.7,1974,393,2425,12839,1859,209,1948,4128,50.9,40.1,80.4,76.7,8.41,0.65,36.6,59.1,2.39,6.87,23.8,15.5,23.2,49.6,11.8,12.9,13.3,17.6,56.2,12.9,15.3,48.0,0.43,5.90,55.8,1960,275,2298,11965,1852,183,1913,3964,4.58,3.92,32.9,59.0,4.25,0.13,6.91,40.1,52.9,3.52,16.3,75.6,0.20,1.73,15.4,1738,-47.1,1641,2777,1643,-52.6,1434,1076,59.1,4.96,57.6,32.2,5.28,4.50,73.8,18.0,3.72,3.59,
2024.12.19 TCSL250 Week1 Repstim-Plate_002-Group_001-D1 Well_037_Unmixed.fcs,12.5,2520,64.5,54.1,3170,15.8,42.2,32.4,42.2,5479,3148,1253,2809,22331,5260,7528,3347,57.3,38.7,20.1,15.2,37.3,32.6,22.4,7.69,29.2,17.2,27.8,25.8,25.3,26.7,18.6,29.4,2.26,33.0,82.6,2109,1258,3370,32887,1866,871,2485,14188,22.6,46.2,15.3,12.8,24.1,7.12,52.0,39.0,2.38,3.57,5.36,38.1,28.6,20.2,13.1,23.8,24.4,16.7,35.1,35.7,36.9,22.0,0.60,10.7,76.2,1840,262,2098,22461,1742,224,1813,8014,0,15.1,50.8,25.4,8.73,2.38,19.0,42.1,36.5,8.73,46.0,45.2,0.79,3.17,27.8,1913,143,1923,6802,1797,135,1666,1758,39.0,25.3,40.5,19.8,14.4,1.74,25.9,53.6,18.8,29.2,
2024.12.19 TCSL250 Week1 Repstim-Plate_002-Group_001-D2 Well_038_Unmixed.fcs,15.1,2440,68.3,62.2,2913,18.1,43.4,39.3,43.4,11468,2572,457,1966,34492,4013,826,2226,72.0,16.6,6.23,28.7,29.5,36.6,26.0,7.89,18.5,9.40,38.9,33.2,9.73,38.4,30.0,21.8,0.50,20.6,87.8,1103,754,4528,59003,994,485,2807,27603,16.0,59.3,14.4,13.1,21.1,3.65,51.4,41.4,1.52,0.61,3.66,34.1,16.5,29.9,19.5,17.1,33.5,21.3,28.0,21.3,41.5,33.5,0,3.05,81.1,1302,-21.9,1661,28368,1232,-27.5,1481,13682,1.52,10.6,38.6,40.2,10.6,0.76,16.7,44.7,37.9,3.03,44.7,50.8,0,1.52,42.4,1667,65.2,1598,10294,1586,61.2,1397,3052,41.4,21.9,53.3,13.2,11.6,1.98,27.7,48.5,21.9,21.1,
2024.12.19 TCSL250 Week1 Repstim-Plate_002-Group_001-D3 Well_039_Unmixed.fcs,15.4,3064,54.9,50.8,3009,15.1,43.0,38.3,43.0,6451,2558,855,2271,21963,3991,1646,2704,62.1,31.9,13.2,13.9,26.1,29.2,30.9,13.8,29.1,12.8,26.6,31.6,17.1,39.7,18.2,25.0,0.34,19.3,85.5,1382,715,2776,38864,1271,460,2097,18369,19.6,47.5,17.3,16.0,28.0,4.94,57.2,37.9,0.54,2.49,8.54,38.8,19.2,24.9,17.1,18.9,32.7,16.4,32.0,24.2,37.0,30.2,0.36,5.34,79.7,1473,101,1766,25747,1375,72.2,1544,10694,0.54,11.3,32.3,44.6,11.8,1.61,18.3,39.8,40.3,5.38,38.7,55.4,0,2.69,38.2,1759,67.6,1560,7569,1662,62.1,1391,2312,37.9,26.0,44.6,14.7,14.7,3.89,33.7,48.4,14.1,22.0,
2024.12.19 TCSL250 Week1 Repstim-Plate_002-Group_001-D4 Well_040_Unmixed.fcs,18.9,5915,55.7,52.0,3220,10.3,39.5,42.3,39.5,5493,2224,693,2272,18662,3560,3590,2599,58.8,24.4,10.5,6.92,22.4,32.7,34.9,9.99,34.8,15.8,26.9,22.5,22.0,32.4,16.1,29.4,0.23,12.8,83.9,1624,398,2134,32336,1520,281,1723,15744,25.6,45.6,24.3,22.7,24.3,4.53,57.0,36.2,1.24,1.57,7.32,38.4,21.0,25.5,15.0,23.4,27.5,15.3,33.9,21.2,34.0,37.5,0,5.88,78.7,1595,112,1589,24231,1508,83.6,1408,10945,2.06,9.69,39.2,42.7,8.45,0.41,14.8,41.2,43.5,4.74,38.6,54.6,0.41,2.06,36.1,1836,-15.0,1517,8592,1735,-27.8,1345,2454,36.2,19.6,41.9,22.4,16.1,2.63,36.6,48.8,11.9,17.4,
2024.12.19 TCSL250 Week1 Repstim-Plate_002-Group_001-D5 Well_041_Unmixed.fcs,16.7,2785,53.2,49.3,2963,17.8,44.4,35.3,44.4,3625,1936,694,2066,13117,2801,1607,2348,45.6,22.8,8.69,12.0,31.1,25.6,31.3,12.0,24.3,20.0,27.0,28.7,20.2,30.5,16.5,32.8,0.21,12.2,82.7,1536,364,2366,32572,1445,273,1849,14615,30.2,38.5,21.3,19.7,24.9,6.39,47.7,45.4,2.41,3.44,6.49,27.9,26.7,28.2,17.2,20.6,22.9,16.8,39.7,28.6,30.9,34.0,0.38,3.05,77.9,1652,53.6,1725,22519,1559,49.0,1489,9765,0.80,8.43,47.0,35.7,8.84,1.20,14.5,32.9,51.4,4.82,28.1,66.3,0.40,1.61,27.7,1828,-2.52,1426,5916,1733,-11.5,1241,1967,45.4,19.5,34.8,29.2,16.6,2.79,50.5,33.1,13.6,13.8,
2024.12.19 TCSL250 Week1 Repstim-Plate_002-Group_001-D6 Well_042_Unmixed.fcs,11.6,4705,53.4,49.1,3234,7.95,38.0,31.4,38.0,10809,3660,1590,3273,27382,5778,2869,3794,75.4,49.2,31.2,24.8,26.6,29.7,28.8,14.9,28.0,9.10,33.5,29.4,18.1,36.0,25.8,20.1,3.17,33.5,88.0,2060,1553,4268,51865,1849,940,2684,25240,17.4,49.0,8.28,7.61,23.0,10.6,61.7,28.5,0.98,3.17,10.9,41.2,16.7,25.3,16.7,22.6,33.0,19.0,25.3,29.0,31.7,28.5,0.45,11.3,77.8,1834,384,1700,32001,1694,275,1482,12219,1.96,18.6,37.3,32.4,11.8,2.94,25.5,33.3,38.2,3.92,50.0,44.1,0.98,0,42.2,1901,-103,1671,12007,1791,-97.5,1463,3064,28.5,25.6,46.0,11.3,17.1,4.10,24.7,53.6,17.5,37.1,
2024.12.19 TCSL250 Week1 Repstim-Plate_002-Group_001-D7 Well_043_Unmixed.fcs,14.5,4054,50.5,46.3,3242,11.6,42.1,34.8,42.1,9389,3256,1634,2893,30009,6173,7853,3428,69.4,46.3,21.6,15.9,34.2,26.2,25.4,14.2,27.0,12.1,30.5,30.5,17.6,37.2,19.8,25.4,1.23,32.6,85.8,1780,1614,3206,44148,1647,994,2081,19488,17.3,47.7,11.8,10.8,27.1,7.85,60.5,30.8,1.48,1.89,7.92,39.2,16.2,28.7,15.8,22.3,30.2,16.2,31.3,33.2,31.3,27.5,0.38,12.5,76.6,1741,521,1433,28188,1649,388,1276,10191,0.74,14.1,42.2,34.1,9.63,0,22.2,36.3,41.5,5.93,34.8,58.5,0.74,4.44,34.1,1856,175,1920,8078,1741,149,1363,2327,30.8,27.2,43.3,13.7,15.8,3.67,28.4,47.8,20.1,33.9,
2024.12.19 TCSL250 Week1 Repstim-Plate_002-Group_001-D8 Well_044_Unmixed.fcs,13.0,4148,58.1,51.8,3288,10.3,44.8,33.4,44.8,10983,2522,513,2645,35027,3754,1012,3159,71.8,20.3,14.4,25.2,38.2,29.5,20.3,12.0,20.5,10.2,35.5,33.8,17.7,32.2,25.6,24.5,3.90,20.1,89.4,2264,835,4444,56023,1945,516,2619,27414,20.0,55.0,14.1,12.6,18.6,6.44,48.5,43.5,2.64,3.95,9.09,35.2,19.0,27.7,18.2,24.5,25.7,20.2,29.6,28.9,38.7,23.3,3.16,3.16,79.8,2092,4.87,1711,26382,1912,-8.31,1454,11325,2.64,12.3,43.2,37.0,7.49,0.88,13.7,41.9,43.6,6.17,42.3,48.9,2.64,1.76,34.8,2166,4.23,1540,8755,1959,-17.0,1317,2658,43.5,20.1,50.5,16.0,13.4,3.12,25.9,44.1,26.9,22.6,
2024.12.19 TCSL250 Week1 Repstim-Plate_002-Group_001-D9 Well_045_Unmixed.fcs,13.7,3699,45.8,42.3,3233,12.0,40.3,32.8,40.3,7344,2501,1257,2739,22965,4818,2519,3194,63.1,38.2,19.2,10.1,34.4,19.6,26.3,19.6,28.0,16.0,26.8,29.2,23.7,29.6,19.3,27.4,1.56,21.0,83.7,1942,1033,2274,41541,1807,637,1531,17958,20.8,40.4,14.9,13.7,28.8,9.98,54.5,35.4,2.22,2.17,15.5,36.8,23.1,23.1,17.0,27.1,24.2,16.6,32.1,33.9,20.2,30.3,0.72,9.39,80.1,1780,415,1374,33288,1662,289,1119,13216,2.78,15.0,37.8,36.1,11.1,2.22,20.0,35.0,42.8,4.44,41.1,51.7,4.44,3.89,32.8,2052,78.9,1233,10306,1875,39.0,1058,2609,35.4,28.2,34.1,16.5,21.2,4.91,28.5,43.4,23.1,27.7,
2024.12.19 TCSL250 Week1 Repstim-Plate_002-Group_001-D10 Well_046_Unmixed.fcs,18.6,5642,50.3,47.4,3295,10.8,40.2,41.8,40.2,6252,2071,870,2524,20651,3447,1946,2854,60.5,30.0,13.8,5.81,34.3,23.1,27.5,15.0,31.5,13.5,27.9,27.1,25.0,29.7,17.7,27.6,1.16,17.7,83.5,1990,670,1947,33891,1869,446,1464,15173,25.2,45.6,23.3,21.9,23.7,5.48,59.0,34.6,1.64,0.55,11.0,36.8,16.6,26.3,20.3,28.1,25.3,15.5,31.1,34.7,25.3,29.0,0.82,7.12,81.5,1915,184,1257,27177,1809,131,1140,12227,2.57,14.5,36.2,39.3,10.0,1.17,18.9,39.7,40.2,7.71,41.6,48.1,1.17,0.70,43.5,2042,-99.3,1327,9905,1915,-102,1194,3085,34.6,20.8,42.2,21.6,15.4,4.37,34.0,41.0,20.6,17.1,
2024.12.19 TCSL250 Week1 Repstim-Plate_002-Group_001-D11 Well_047_Unmixed.fcs,11.7,2268,50.7,46.5,3520,18.1,41.1,36.4,41.1,4282,2144,713,2530,18150,3668,1684,3205,47.9,25.3,17.7,14.1,28.9,24.5,26.8,19.8,25.5,14.1,25.8,34.6,27.1,29.7,15.9,27.3,3.39,17.7,89.3,2154,1039,2633,44702,1905,423,1891,22032,30.0,35.7,20.6,18.9,24.4,9.91,47.1,46.6,5.00,4.46,13.4,31.7,17.8,24.3,26.2,32.7,24.3,17.8,25.2,31.7,28.7,26.2,2.97,5.94,86.6,1985,53.6,1704,33459,1865,25.6,1406,16507,3.50,9.00,34.0,46.0,11.0,0.50,15.0,31.5,53.0,9.00,38.0,49.5,5.00,1.50,29.5,2128,-108,1704,10102,1902,-112,1392,2215,46.6,25.6,38.0,21.0,15.4,5.99,40.6,39.6,13.8,20.7,
2024.12.19 TCSL250 Week1 Repstim-Plate_002-Group_001-D12 Well_048_Unmixed.fcs,11.2,3828,41.0,38.1,3085,9.02,39.7,29.4,39.7,10026,3352,1427,3164,29722,6703,2752,3707,71.7,43.0,29.4,18.9,25.9,33.1,28.4,12.6,21.0,8.39,38.0,32.6,15.6,34.3,28.7,21.4,2.33,30.8,86.9,2033,1442,3644,49783,1858,813,2210,23586,18.7,47.8,7.84,7.29,22.8,10.7,55.2,33.7,1.06,2.60,8.44,29.2,12.3,33.1,25.3,20.8,30.5,20.8,27.9,27.9,33.1,30.5,1.30,14.3,87.7,1876,438,1595,36813,1733,289,1360,17829,1.06,8.51,41.5,42.6,7.45,1.06,9.57,42.6,46.8,5.32,35.1,58.5,1.06,0,37.2,2000,-36.1,1454,11856,1843,-35.0,1292,3038,33.7,26.6,43.4,10.4,19.7,4.15,29.2,50.3,16.4,35.1,
2024.12.19 TCSL250 Week1 Repstim-Plate_002-Group_001-E1 Well_049_Unmixed.fcs,14.7,4887,43.8,39.6,3095,9.34,39.2,33.7,39.2,7072,3778,1192,2690,21406,7524,2093,3138,66.0,39.5,19.4,16.7,14.2,30.8,45.2,9.80,24.7,10.6,28.8,36.0,11.5,44.4,20.5,23.6,2.30,15.6,84.4,1712,550,3332,38296,1523,360,2408,17849,20.4,47.4,11.5,10.4,26.4,5.80,55.4,36.3,2.16,3.55,7.09,30.5,14.5,29.1,25.9,14.5,35.8,18.8,30.9,19.5,33.7,39.7,0.35,4.26,77.7,1619,95.3,2062,26424,1492,69.6,1794,11043,0,11.4,35.1,45.4,8.11,0.54,15.7,35.1,48.6,3.24,29.7,67.0,0.54,2.16,37.3,1896,-42.7,2098,7648,1763,-40.2,1820,2453,36.3,24.4,44.8,13.3,17.5,1.71,40.2,51.9,6.19,36.8,
2024.12.19 TCSL250 Week1 Repstim-Plate_002-Group_001-E2 Well_050_Unmixed.fcs,9.88,1387,51.9,47.2,3365,24.0,42.3,35.4,42.3,5781,3311,1005,2234,24457,5757,1987,2672,57.0,36.8,13.0,21.1,18.1,33.2,38.8,9.91,24.1,11.6,28.9,35.3,19.4,36.6,22.4,21.6,2.16,18.1,85.8,1442,410,3284,42136,1244,301,2435,19389,19.1,41.9,15.1,13.7,31.4,7.58,48.9,43.2,9.76,7.53,4.30,37.6,16.1,24.7,21.5,26.9,29.0,18.3,25.8,14.0,36.6,45.2,1.08,1.08,79.6,1465,-163,2253,28960,1346,-150,1867,11867,0,4.88,29.3,54.9,11.0,0,13.4,39.0,47.6,2.44,26.8,70.7,3.66,3.66,30.5,1939,22.6,2638,11048,1722,-6.49,2168,2382,43.2,26.4,40.4,14.8,18.4,1.81,43.0,47.7,7.58,35.7,
2024.12.19 TCSL250 Week1 Repstim-Plate_002-Group_001-E3 Well_051_Unmixed.fcs,15.4,1918,60.3,56.7,3148,25.2,45.2,40.3,45.2,4519,2141,532,1978,18050,3390,1081,2274,49.3,19.3,7.54,12.1,16.9,29.2,38.1,15.8,24.4,15.5,27.9,32.2,17.6,36.5,16.0,29.9,0,13.5,82.6,1422,362,2486,37169,1323,259,1960,16380,29.3,43.2,27.7,26.1,24.6,2.85,49.8,45.4,1.32,4.02,10.0,27.3,22.9,29.3,20.5,20.9,23.7,14.5,41.0,14.1,30.5,45.4,0,3.21,78.3,1485,-43.2,1734,25523,1404,-47.0,1500,10958,1.76,7.49,21.6,60.4,10.6,0.44,15.9,34.8,48.9,3.08,25.1,70.0,0.44,0.44,30.8,1596,-19.1,1598,8653,1495,-17.6,1397,2417,45.4,21.6,49.9,15.9,12.6,2.65,54.2,35.2,7.94,14.5,
2024.12.19 TCSL250 Week1 Repstim-Plate_002-Group_001-E4 Well_052_Unmixed.fcs,22.3,7304,55.7,51.9,2899,8.86,34.7,45.2,34.7,5785,1841,705,2036,19030,3159,1332,2552,57.3,24.7,6.76,7.06,22.5,29.1,32.7,15.7,38.9,14.2,24.4,22.4,20.8,37.7,19.3,22.2,0.35,17.9,86.7,1464,555,1818,37217,1374,401,1339,19037,25.7,45.8,24.3,22.7,23.5,5.01,56.3,31.7,0.19,0.43,10.7,43.7,20.5,22.0,13.7,22.9,31.9,17.4,27.8,20.1,34.6,34.6,0,7.95,83.0,1457,191,1083,26660,1384,118,976,13322,0.95,10.7,35.9,44.5,8.97,0.38,16.2,38.4,45.0,3.05,32.6,63.4,0.19,1.91,34.9,1621,44.9,1183,8099,1539,40.8,1040,2637,31.7,18.1,44.5,20.9,16.6,3.34,46.0,43.0,7.67,15.4,
2024.12.19 TCSL250 Week1 Repstim-Plate_002-Group_001-E5 Well_053_Unmixed.fcs,19.9,7484,56.6,52.7,2989,7.94,36.1,46.1,36.1,6189,2002,863,2289,20046,3310,1544,2670,60.8,27.9,12.1,6.49,23.4,29.3,30.6,16.7,34.0,17.3,27.4,21.3,17.1,35.4,21.7,25.9,0.44,16.6,81.8,1592,608,1882,32262,1489,443,1367,13853,22.2,50.2,22.0,20.5,22.7,4.84,61.4,31.6,0.62,0.42,12.3,39.6,23.6,24.5,12.3,18.2,31.7,19.1,31.0,21.8,34.1,31.8,0.11,6.26,75.2,1544,178,1101,21970,1464,138,1000,8667,2.27,8.68,44.4,38.8,8.06,0.41,12.8,39.3,47.5,3.93,29.8,64.0,0.62,2.07,35.7,1717,43.4,1258,8071,1622,39.1,1145,2486,31.6,19.8,43.3,21.3,15.6,4.14,41.4,44.4,10.1,15.9,
2024.12.19 TCSL250 Week1 Repstim-Plate_002-Group_001-E6 Well_054_Unmixed.fcs,18.2,10804,51.9,48.2,3120,5.27,32.1,45.2,32.1,5554,2272,987,2476,17384,3825,4100,2924,58.0,32.7,16.0,7.65,20.4,31.2,33.5,14.9,33.1,16.5,26.5,23.9,18.5,35.2,21.8,24.5,1.91,21.0,81.9,1957,795,2301,33758,1719,549,1529,14417,27.3,39.5,24.7,22.9,25.4,7.79,59.4,27.0,2.40,2.25,13.3,40.5,22.4,19.8,17.3,21.6,33.0,16.3,29.0,19.4,32.5,34.8,1.23,12.1,78.1,1803,367,1380,25553,1676,284,1192,10558,1.35,12.3,38.2,40.7,8.83,1.80,15.9,32.8,49.6,2.54,32.3,63.8,2.40,2.69,35.6,1928,25.2,1466,10173,1780,21.7,1259,2596,27.0,21.9,37.3,20.9,19.9,2.52,43.3,46.0,8.27,22.0,
2024.12.19 TCSL250 Week1 Repstim-Plate_002-Group_001-E7 Well_055_Unmixed.fcs,14.2,2930,53.1,49.7,3031,14.7,43.3,39.8,43.3,7750,2687,1247,2606,25313,4834,2671,4637,65.9,38.8,17.6,11.7,28.1,24.7,26.9,20.3,26.7,11.6,29.1,32.6,20.0,35.2,22.8,22.1,0.52,25.5,83.4,1768,950,2640,44363,1645,676,1789,18689,16.3,52.5,16.8,15.8,26.9,4.28,62.1,34.6,3.12,1.74,13.9,36.2,18.1,26.1,19.5,23.3,29.6,20.6,26.5,31.0,27.2,27.9,0,11.1,76.0,1683,334,1479,30900,1591,283,1197,10964,0.62,8.12,30.6,51.2,10.0,0.62,13.8,44.4,41.2,1.88,33.8,63.7,0.62,3.12,44.4,1881,-27.8,1643,11140,1741,-33.6,1349,2963,34.6,31.5,44.7,13.8,9.98,6.50,36.3,41.7,15.5,26.6,
2024.12.19 TCSL250 Week1 Repstim-Plate_002-Group_001-E8 Well_056_Unmixed.fcs,13.0,2264,58.4,52.7,3410,19.5,43.2,37.6,43.2,5012,2577,872,2640,21559,4278,2009,3228,55.0,27.9,17.8,16.0,26.5,26.3,27.4,19.8,21.2,13.8,27.6,37.4,20.3,35.4,18.3,26.1,4.01,24.7,82.4,2161,734,3073,44802,1927,515,2081,17859,25.2,43.8,21.6,19.5,26.6,4.46,47.6,45.4,5.00,5.24,14.3,30.0,18.6,31.9,19.5,22.9,24.8,19.5,32.9,21.9,30.5,33.3,3.81,7.14,77.6,2168,133,1790,28996,1964,81.3,1455,11412,1.00,10.5,33.5,42.5,13.5,2.50,17.0,38.0,42.5,6.00,32.0,61.0,7.50,3.00,35.0,2322,35.5,1858,9246,2040,8.12,1536,2256,45.4,27.7,40.9,18.4,13.0,5.43,42.8,38.4,13.4,24.8,
2024.12.19 TCSL250 Week1 Repstim-Plate_002-Group_001-E9 Well_057_Unmixed.fcs,16.9,2469,63.8,59.7,3398,23.3,46.8,41.2,46.8,3747,2123,377,2355,17336,3659,995,2866,48.2,16.4,13.4,16.3,25.9,18.0,34.9,21.3,20.6,14.3,31.5,33.6,19.3,31.3,18.5,31.0,3.95,18.8,84.0,2220,672,3575,43608,1935,404,2107,18245,34.7,42.1,32.0,29.9,19.9,3.34,46.9,48.8,3.61,5.49,15.9,25.7,17.1,34.4,22.8,21.4,24.9,16.8,37.0,22.5,23.1,38.4,2.60,5.20,79.2,2083,13.8,1886,29329,1895,-9.89,1554,11806,3.06,6.67,28.9,56.1,8.33,0,10.8,34.7,54.4,4.17,18.3,74.4,4.72,1.39,31.9,2079,-141,1673,6525,1878,-157,1393,1914,48.8,22.2,48.8,20.2,8.85,6.68,58.5,26.1,8.71,17.1,
2024.12.19 TCSL250 Week1 Repstim-Plate_002-Group_001-E10 Well_058_Unmixed.fcs,12.8,2372,51.6,47.7,3163,17.1,41.3,38.9,41.3,6353,2235,1033,2546,23153,3954,5717,2956,59.4,31.8,16.5,6.82,33.6,20.9,26.8,18.6,29.1,10.9,25.9,34.1,23.9,34.5,15.0,26.6,1.14,20.5,87.5,1900,751,1981,49587,1779,521,1427,23227,22.4,39.3,21.4,19.8,29.3,8.97,53.9,40.5,1.05,0.40,15.8,35.2,13.4,27.3,24.1,28.9,26.1,16.2,28.9,28.9,26.1,29.2,0.40,6.72,83.8,1868,192,1126,36593,1761,156,1030,16441,3.16,12.6,24.2,48.4,14.7,1.05,20.0,36.3,42.6,8.95,31.1,56.8,1.58,4.74,41.6,1976,101,1345,11587,1846,63.2,1171,3216,40.5,26.7,42.1,12.2,19.0,6.62,41.2,35.0,17.1,22.9,
2024.12.19 TCSL250 Week1 Repstim-Plate_002-Group_001-E11 Well_059_Unmixed.fcs,15.2,4178,44.9,41.6,3365,12.2,39.8,40.2,39.8,6715,2469,805,2612,25863,4705,1660,3103,62.6,29.2,16.8,11.1,24.6,28.6,29.4,17.4,23.9,12.4,30.0,33.7,21.4,33.0,17.4,28.1,3.00,17.3,84.7,2242,629,2563,46334,1967,408,1803,19292,28.0,39.9,16.6,15.4,27.3,4.77,56.9,37.1,3.77,3.27,12.3,31.1,19.9,26.7,22.3,21.5,30.0,14.4,34.1,24.8,33.8,29.2,1.63,8.45,79.3,1992,159,1607,32406,1844,77.7,1353,12306,2.09,7.95,31.4,47.7,13.0,0.42,17.6,34.7,47.3,4.60,29.7,63.6,3.77,2.93,40.6,2184,-90.7,1631,11905,1999,-101,1406,2772,37.1,27.3,42.5,16.2,14.0,4.77,46.1,35.7,13.4,24.1,
2024.12.19 TCSL250 Week1 Repstim-Plate_002-Group_001-E12 Well_060_Unmixed.fcs,15.1,4243,41.8,39.1,3051,10.8,40.5,37.4,40.5,5605,2390,842,2531,20948,5096,1807,2945,56.4,30.1,16.5,7.56,18.0,21.7,42.0,18.3,26.7,9.49,30.1,33.8,18.5,37.9,16.9,26.7,1.45,14.1,84.2,2062,428,2111,45473,1913,310,1535,19433,27.2,39.1,18.8,17.6,25.9,7.74,54.6,39.1,2.05,1.72,14.7,29.9,12.0,26.5,31.6,20.1,37.3,11.5,31.1,19.6,20.8,44.9,1.23,6.62,82.1,2009,118,1485,38174,1867,81.1,1214,15235,0.68,11.0,22.6,54.1,12.3,1.37,19.2,34.6,44.9,3.08,38.7,57.5,1.37,1.37,37.7,2014,-121,1481,10296,1869,-119,1316,2875,39.1,22.3,46.9,13.4,17.4,2.68,46.7,42.0,8.63,22.9,
2024.12.19 TCSL250 Week1 Repstim-Plate_002-Group_001-F1 Well_061_Unmixed.fcs,10.4,1515,44.3,40.4,2939,20.1,45.6,33.3,45.6,4674,3902,894,2201,19525,7529,1999,2768,53.4,30.8,14.3,26.0,7.84,24.5,61.3,6.37,8.33,3.43,43.6,44.6,5.39,44.6,24.5,25.5,2.45,14.2,81.9,1640,755,4632,40018,1231,333,3040,15724,27.2,48.7,18.4,16.8,20.8,3.23,43.3,53.1,7.41,10.9,6.36,12.7,6.36,46.4,34.5,7.27,38.2,21.8,32.7,8.18,23.6,61.8,0,7.27,77.3,1353,296,2812,29322,1225,103,2341,11249,0.74,2.22,11.1,74.1,12.6,0.74,9.63,42.2,47.4,0.74,22.2,76.3,1.48,7.41,28.9,1844,157,2492,6398,1718,150,2146,2024,53.1,23.7,60.6,6.45,9.32,0.72,58.1,39.4,1.79,36.9,
2024.12.19 TCSL250 Week1 Repstim-Plate_002-Group_001-F2 Well_062_Unmixed.fcs,9.41,1772,60.9,43.3,3120,16.6,49.6,35.2,49.6,4797,3488,852,2097,19338,5974,1770,2642,55.9,28.3,14.2,33.7,9.63,27.4,54.1,8.89,6.67,3.70,42.2,47.4,8.89,42.2,24.8,24.1,2.96,18.1,81.5,1602,602,4699,42640,1373,425,3415,15368,23.4,45.1,21.3,15.2,27.6,3.94,42.0,55.4,6.71,14.2,7.08,9.73,4.42,55.8,30.1,11.5,27.4,23.0,38.1,7.08,27.4,58.4,1.77,4.42,74.3,1778,101,3025,21516,1600,95.0,2535,8340,0,5.37,16.1,64.4,14.1,0.67,16.8,37.6,45.0,4.70,23.5,71.8,2.68,4.03,32.9,1657,193,2437,7712,1501,117,1997,1900,55.4,33.9,49.1,8.92,8.14,3.15,53.8,37.8,5.25,32.3,
2024.12.19 TCSL250 Week1 Repstim-Plate_002-Group_001-F3 Well_063_Unmixed.fcs,12.1,1856,55.7,51.1,3313,21.5,49.3,32.6,49.3,5383,3166,911,2309,21174,5806,1924,2674,55.8,31.2,14.7,25.6,11.0,24.9,49.8,14.2,10.0,6.80,41.4,41.7,9.06,37.9,25.9,27.2,0.97,18.1,80.3,1553,584,3681,39930,1391,427,2791,14695,19.0,51.3,18.2,16.7,26.7,2.99,48.1,48.7,7.28,9.40,10.7,10.1,10.7,47.0,32.2,9.40,30.2,21.5,38.9,4.70,28.9,55.7,0.67,4.70,71.8,1679,34.7,2603,26454,1530,26.2,2128,8199,0,2.65,11.9,76.8,8.61,0.66,9.27,47.0,43.0,1.99,33.8,64.2,2.65,2.65,29.8,1860,-7.74,2324,7104,1699,-5.15,1940,1941,48.7,31.0,55.1,6.20,7.69,2.56,46.2,45.5,5.77,30.8,
2024.12.19 TCSL250 Week1 Repstim-Plate_002-Group_001-F4 Well_064_Unmixed.fcs,6.46,928,46.1,27.8,3109,21.6,38.0,38.4,38.0,6806,4608,1583,2684,23038,8319,3038,3253,67.3,48.0,24.5,17.2,16.2,27.3,47.5,9.09,10.1,3.03,44.4,42.4,11.1,38.4,22.2,28.3,2.02,15.2,87.9,1638,465,3253,40518,1474,255,2391,20084,13.3,40.8,16.6,10.0,35.7,10.2,62.4,29.0,7.41,6.90,5.17,13.8,5.17,46.6,34.5,12.1,34.5,22.4,31.0,15.5,27.6,51.7,1.72,1.72,86.2,1598,-164,2362,32643,1427,-161,1865,15928,0,11.1,33.3,51.9,3.70,0,7.41,51.9,40.7,0,29.6,70.4,7.41,0,25.9,1773,-165,2134,4216,1534,-160,1829,1525,29.0,33.7,34.7,10.2,21.4,5.10,34.7,50.0,10.2,48.0,
2024.12.19 TCSL250 Week1 Repstim-Plate_002-Group_001-F5 Well_065_Unmixed.fcs,10.7,967,67.1,43.5,2985,33.0,55.6,35.2,55.6,1339,2144,307,2098,4675,3361,590,2366,21.4,8.12,7.69,6.76,6.76,17.6,63.5,12.2,6.08,11.5,52.7,29.7,10.8,22.3,16.9,50.0,4.05,8.78,62.8,2134,526,3012,22802,1921,247,2056,5156,44.0,44.0,53.9,35.0,8.55,3.42,39.1,58.9,4.52,3.03,11.4,6.82,11.4,53.0,28.8,12.1,20.5,15.9,51.5,7.58,18.2,62.9,3.79,5.30,63.6,2064,182,2172,11928,1892,135,1909,5015,3.02,2.51,10.1,81.9,5.53,0.50,6.03,45.2,48.2,4.02,13.1,79.9,2.51,3.02,16.1,2052,133,2188,3025,1905,124,1819,1103,58.9,9.40,76.9,8.97,4.70,2.99,77.4,15.8,3.85,10.7,
2024.12.19 TCSL250 Week1 Repstim-Plate_002-Group_001-F7 Well_067_Unmixed.fcs,7.58,1346,45.4,33.5,2893,16.3,40.8,34.4,40.8,5319,4397,1025,2844,18949,10284,2176,3574,58.7,33.2,26.6,28.4,12.9,31.0,43.2,12.9,12.3,6.45,36.1,45.2,11.0,43.9,18.1,27.1,7.74,16.1,80.6,2685,501,4719,49153,2020,327,3114,19378,25.5,42.9,17.5,12.9,23.4,8.15,50.0,47.1,15.9,16.1,8.05,13.8,10.3,44.8,31.0,8.05,35.6,19.5,36.8,10.3,32.2,49.4,4.60,4.60,70.1,2118,147,2915,34867,1916,121,2327,10570,0,3.66,18.3,70.7,7.32,0,8.54,45.1,46.3,0,24.4,75.6,8.54,1.22,31.7,2470,-67.9,2859,5805,2083,-56.0,2126,1973,47.1,25.5,51.6,9.24,13.6,1.09,52.7,44.0,2.17,44.6,
2024.12.19 TCSL250 Week1 Repstim-Plate_002-Group_001-F8 Well_068_Unmixed.fcs,10.5,1270,45.4,42.1,2791,23.0,46.4,34.0,46.4,7247,3009,1281,2448,27188,5751,2380,2842,64.1,39.5,15.7,20.3,21.4,20.9,36.3,21.4,11.0,7.14,33.5,48.4,12.1,41.8,23.6,22.5,0.55,28.6,86.8,1748,1151,3767,54866,1630,774,2651,27524,16.5,47.6,14.2,13.1,28.6,7.26,46.7,50.3,4.76,2.56,8.97,17.9,11.5,34.6,35.9,11.5,38.5,20.5,29.5,16.7,33.3,41.0,1.28,11.5,85.9,1692,143,1955,37373,1601,110,1689,19741,3.57,1.19,19.0,65.5,14.3,0,10.7,53.6,35.7,8.33,25.0,63.1,1.19,2.38,32.1,2014,62.0,1758,11178,1856,59.2,1473,2228,50.3,32.7,45.6,10.1,11.7,7.66,41.9,37.1,13.3,31.9,
2024.12.19 TCSL250 Week1 Repstim-Plate_002-Group_001-F9 Well_069_Unmixed.fcs,7.95,1390,50.0,35.9,2932,16.8,51.9,28.7,51.9,8308,4894,1706,3123,34146,12083,3584,3938,65.3,50.6,33.2,32.2,14.0,18.9,47.6,19.6,10.5,6.29,35.0,48.3,11.9,35.7,23.8,28.7,11.2,26.6,86.0,3204,1167,4821,55277,2291,591,3222,23062,18.1,42.5,15.0,10.8,30.5,8.88,52.7,44.7,8.96,16.5,10.1,15.2,7.59,41.8,35.4,17.7,22.8,26.6,32.9,13.9,25.3,50.6,10.1,8.86,81.0,2624,130,2992,41019,2232,86.1,2334,14584,1.49,1.49,8.96,74.6,14.9,0,10.4,34.3,55.2,2.99,19.4,76.1,5.97,0,28.4,2371,-332,2231,9153,2061,-295,1822,1912,44.7,38.6,43.2,4.63,13.5,3.86,42.1,45.9,8.11,49.0,
2024.12.19 TCSL250 Week1 Repstim-Plate_002-Group_001-F10 Well_070_Unmixed.fcs,9.99,1536,44.8,41.0,2945,19.2,47.9,30.5,47.9,6112,3230,1141,2787,24691,6556,2318,3293,58.3,35.4,17.9,17.7,22.4,21.9,36.5,19.3,9.90,7.29,33.3,49.5,14.6,41.7,19.8,24.0,2.60,16.1,86.5,1904,467,2913,47411,1718,338,2260,21573,23.5,39.7,16.2,14.8,28.8,7.95,46.9,45.6,3.85,6.54,12.1,14.0,8.41,35.5,42.1,20.6,31.8,24.3,23.4,22.4,28.0,37.4,1.87,4.67,84.1,1895,99.8,2011,34399,1712,78.3,1716,14856,0,2.88,16.3,68.3,12.5,0.96,13.5,38.5,47.1,2.88,26.9,70.2,0.96,1.92,30.8,2157,38.9,1928,8190,2021,13.9,1696,2015,45.6,30.5,49.7,8.28,11.6,3.31,44.7,41.4,10.6,33.8,
2024.12.19 TCSL250 Week1 Repstim-Plate_002-Group_001-F11 Well_071_Unmixed.fcs,27.4,3438,0.71,0.64,3175,25.3,50.0,31.8,50.0,7329,3946,1309,2767,27518,13146,2442,3254,63.6,36.4,18.2,42.9,14.3,42.9,28.6,14.3,14.3,0,14.3,71.4,42.9,42.9,14.3,0,14.3,14.3,71.4,2315,52.0,4883,34409,2071,20.2,3844,9726,9.09,63.6,81.0,73.3,18.2,9.09,36.8,60.0,4.89,10.0,14.9,7.12,5.39,57.4,30.1,12.7,18.9,22.2,46.2,7.12,16.4,61.6,3.78,5.18,56.5,2186,143,2694,11963,1999,79.1,2243,3936,2.38,3.44,12.4,76.5,7.74,0.60,6.61,41.4,51.4,1.59,16.5,79.5,2.84,0.66,13.6,1986,-119,2031,2863,1814,-114,1699,997,60.0,27.3,63.6,0,9.09,0,27.3,36.4,36.4,27.3,
2024.12.19 TCSL250 Week1 Repstim-Plate_002-Group_001-G1 Well_073_Unmixed.fcs,13.5,2000,51.1,47.8,3029,20.5,43.2,35.1,43.2,9104,3915,1445,2592,27852,6387,2638,3069,69.0,45.0,21.5,23.3,12.8,31.9,49.0,6.27,15.5,8.06,35.8,40.6,7.76,45.7,19.7,26.9,1.19,33.1,84.5,1495,1239,3756,40065,1347,916,2759,18287,13.8,55.0,12.3,11.5,27.1,4.12,52.4,34.5,6.33,7.50,5.00,24.2,15.0,35.0,25.8,10.0,39.2,15.8,35.0,13.3,30.0,51.7,0,17.5,78.3,1413,605,2265,27704,1317,521,1960,11033,0,13.9,16.5,62.0,7.59,0,17.7,46.8,35.4,1.27,40.5,58.2,2.53,6.33,40.5,1792,279,2240,9970,1655,261,1943,2914,34.5,31.0,51.6,5.57,11.9,0.97,32.4,59.8,6.78,40.0,
2024.12.19 TCSL250 Week1 Repstim-Plate_002-Group_001-G2 Well_074_Unmixed.fcs,14.4,3352,59.2,53.2,3127,13.4,46.2,37.6,46.2,16404,3707,718,2107,45153,5879,1298,2492,77.8,25.3,9.72,38.0,15.9,36.5,41.9,5.66,10.1,4.92,43.8,41.1,6.11,39.8,38.2,15.9,0.89,28.5,91.5,1333,1139,5920,74199,1181,737,3613,39697,10.4,67.1,10.2,9.16,18.5,4.01,45.6,45.0,5.80,2.14,4.29,22.9,10.0,37.1,30.0,9.29,38.6,27.9,24.3,18.6,40.0,37.1,0.71,10.0,77.9,1495,207,1929,27725,1384,169,1666,10988,0,8.70,34.1,44.9,12.3,0,19.6,50.0,30.4,2.90,40.6,56.5,1.45,4.35,37.7,1752,276,2228,11407,1608,170,1857,3361,45.0,23.6,59.4,8.26,8.75,1.09,32.0,55.4,11.5,36.2,
2024.12.19 TCSL250 Week1 Repstim-Plate_002-Group_001-G3 Well_075_Unmixed.fcs,12.5,2336,48.4,45.2,2910,15.6,40.0,39.8,40.0,7559,3332,1328,2450,22737,5958,2617,2840,67.8,41.7,14.2,11.7,17.6,27.4,42.6,12.4,15.2,10.2,35.7,38.8,13.8,36.9,23.6,25.7,0.48,21.4,83.1,1550,758,2759,37441,1447,587,2175,16702,17.1,47.6,16.0,14.9,29.9,5.45,63.2,30.7,0.93,2.73,11.8,20.5,14.5,35.5,29.5,16.4,30.5,20.5,32.7,20.0,27.7,40.5,0.45,8.18,75.5,1524,322,1937,26342,1443,287,1728,10161,1.87,11.2,36.4,44.9,7.48,1.87,13.1,47.7,37.4,5.61,41.1,51.4,0,2.80,34.6,1760,45.3,1789,9610,1650,37.8,1601,2428,30.7,26.3,44.1,13.0,16.6,2.13,34.4,54.0,9.48,31.5,
2024.12.19 TCSL250 Week1 Repstim-Plate_002-Group_001-G4 Well_076_Unmixed.fcs,17.5,4561,50.4,47.6,2935,11.3,42.4,38.6,42.4,5444,2811,1073,2369,18267,4960,1984,2700,56.9,33.7,12.7,9.55,16.9,31.7,38.8,12.5,20.4,9.79,35.3,34.5,18.4,33.9,21.0,26.7,0,20.9,85.4,1691,747,2530,35763,1604,578,2037,17678,21.3,44.0,22.0,20.8,28.9,5.77,54.7,38.6,3.01,2.31,9.25,26.6,12.5,32.8,28.1,22.7,29.5,19.7,28.1,17.3,35.1,38.3,0,9.06,81.7,1699,302,1890,27787,1619,262,1657,13106,1.09,13.4,29.0,45.6,12.0,1.09,20.8,38.3,39.9,4.64,42.1,52.2,0,2.46,39.3,1822,70.7,1876,8988,1725,65.9,1598,2835,38.6,24.9,41.5,16.8,16.9,2.29,36.3,50.5,10.9,25.1,
2024.12.19 TCSL250 Week1 Repstim-Plate_002-Group_001-G5 Well_077_Unmixed.fcs,9.81,1538,48.0,43.4,3284,20.9,43.0,32.7,43.0,5949,3259,1053,2476,20995,6507,2179,2866,61.3,32.1,16.7,17.0,17.4,32.1,37.2,13.3,11.5,8.72,39.0,40.8,15.1,35.3,24.8,24.8,0.46,23.4,82.6,2082,1995,11357,48551,1699,589,2554,18512,23.3,42.5,15.5,14.0,31.0,3.14,46.3,50.0,9.26,6.00,10.0,16.0,10.0,42.0,32.0,22.0,25.0,25.0,28.0,15.0,34.0,41.0,0,6.00,77.0,1751,271,2227,34447,1652,227,1937,11297,0,5.56,24.1,61.1,9.26,0.93,10.2,43.5,45.4,1.85,30.6,67.6,0.93,0.93,34.3,1923,51.0,2246,8494,1807,52.1,1907,2353,50.0,30.3,43.6,14.3,11.8,3.48,47.7,37.6,11.1,32.4,
2024.12.19 TCSL250 Week1 Repstim-Plate_002-Group_001-G6 Well_078_Unmixed.fcs,12.0,4620,43.1,39.8,2927,7.58,38.6,32.1,38.6,12363,4400,1937,3101,29673,7359,3342,3531,79.2,55.4,26.0,23.0,22.0,23.7,35.7,18.6,18.6,6.94,33.3,41.1,16.2,39.4,25.9,18.4,1.52,38.6,88.2,1913,1947,4079,50989,1750,1179,2811,26352,16.5,47.8,6.74,6.23,25.9,9.85,57.3,31.2,1.11,2.42,9.09,29.1,16.4,29.7,24.8,17.6,33.9,21.2,27.3,26.1,29.1,35.8,0,17.6,82.4,1765,708,2019,35003,1664,579,1805,16226,2.22,10.0,36.7,45.6,7.78,1.11,16.7,38.9,43.3,5.56,34.4,57.8,0,3.33,51.1,1878,145,1916,11436,1765,98.3,1700,3999,31.2,27.7,47.0,7.31,18.0,5.34,28.6,52.9,13.2,46.8,
2024.12.19 TCSL250 Week1 Repstim-Plate_002-Group_001-G7 Well_079_Unmixed.fcs,11.0,3420,51.3,46.4,2987,9.57,44.6,33.0,44.6,9818,3939,1531,3144,33791,7094,2934,3961,69.6,47.7,29.1,25.4,20.1,31.5,32.5,15.9,16.8,6.12,35.6,41.5,16.8,38.6,21.6,22.9,5.54,35.4,89.5,2476,2872,4380,45859,2061,1008,2825,23962,14.7,49.4,12.4,11.2,29.0,6.93,53.9,34.6,6.77,7.73,12.1,24.2,11.6,32.4,31.9,20.8,34.8,19.8,24.6,16.4,36.2,35.3,2.90,14.0,86.5,2001,459,2367,31054,1850,355,1985,15742,0,8.27,31.6,49.6,10.5,0.75,16.5,44.4,38.3,3.76,27.8,68.4,3.01,3.76,39.8,2049,-48.2,2106,10733,1876,-56.1,1742,3123,34.6,32.5,45.3,9.34,12.9,2.69,32.7,47.7,17.0,40.0,
2024.12.19 TCSL250 Week1 Repstim-Plate_002-Group_001-G8 Well_080_Unmixed.fcs,12.4,3377,56.0,51.0,2966,10.9,44.2,36.4,44.2,14615,2784,832,2323,45521,5000,1462,2757,76.3,27.6,10.4,25.6,30.7,25.9,24.8,18.7,12.0,7.35,40.3,40.4,12.3,37.1,30.2,20.4,1.12,32.4,91.7,1789,1527,4339,76717,1665,984,2609,40050,16.2,54.7,11.9,10.8,22.2,6.84,51.4,44.5,1.23,2.13,11.2,23.9,16.5,31.9,27.7,15.4,34.0,22.9,27.7,22.9,40.4,25.5,0.53,10.6,85.1,1623,417,1584,34917,1543,344,1365,18000,3.68,4.29,26.4,54.0,15.3,1.23,16.0,42.9,39.9,0.61,41.7,54.0,0,0.61,38.7,1769,59.6,1696,11191,1671,51.2,1431,3221,44.5,24.6,52.4,10.5,12.5,4.08,30.7,40.1,25.1,26.2,
2024.12.19 TCSL250 Week1 Repstim-Plate_002-Group_001-G9 Well_081_Unmixed.fcs,10.6,2834,45.5,42.3,3182,11.9,42.7,33.9,42.7,9433,3528,1547,2846,26920,7873,2893,3258,70.5,47.7,20.5,14.3,27.5,19.7,32.7,20.1,19.4,8.11,30.2,42.3,19.7,39.1,20.9,20.4,1.72,30.2,88.5,1902,1157,2760,49472,1779,820,1958,24852,13.7,48.4,14.6,13.6,31.6,6.25,56.6,35.3,0,2.29,16.5,29.4,10.1,26.6,33.9,25.2,33.5,17.0,24.3,32.1,20.6,30.7,0.46,14.7,85.8,1775,510,1687,35866,1673,417,1442,17305,2.94,9.56,19.9,64.0,6.62,0.74,14.0,51.5,33.8,7.35,36.8,52.9,0.74,4.41,40.4,1988,59.8,1499,11345,1878,39.1,1368,3248,35.3,32.2,43.6,7.62,16.6,4.10,31.8,48.4,15.6,38.1,
2024.12.19 TCSL250 Week1 Repstim-Plate_002-Group_001-G10 Well_082_Unmixed.fcs,17.0,5407,47.7,45.0,3014,9.46,43.4,37.9,43.4,7597,2727,1196,2583,23729,5706,2302,3011,66.9,36.6,17.3,8.23,20.8,25.2,36.3,17.7,21.0,10.3,35.7,33.0,18.5,32.9,20.9,27.7,1.19,21.8,84.0,1944,857,2178,37385,1820,649,1651,17129,20.9,43.6,19.9,18.7,29.3,6.25,56.1,38.0,1.82,1.94,12.5,24.1,13.7,36.4,25.7,19.2,28.7,20.4,31.7,19.2,28.3,40.0,0.88,10.4,78.9,1859,414,1502,28877,1756,347,1315,12108,2.08,10.6,25.5,52.7,11.2,0.78,19.2,41.6,38.4,6.75,39.5,51.7,1.04,2.86,48.1,1935,91.7,1721,12783,1817,74.8,1428,3557,38.0,26.8,44.9,13.1,15.2,4.07,35.3,45.2,15.4,26.0,
2024.12.19 TCSL250 Week1 Repstim-Plate_002-Group_001-G11 Well_083_Unmixed.fcs,12.2,2016,50.9,46.4,3061,18.5,47.6,32.7,47.6,4715,2814,886,2305,18196,5008,1909,2617,53.4,28.7,11.4,19.6,23.2,21.6,36.9,18.3,10.8,5.23,38.6,45.4,14.4,38.9,19.9,26.8,0.33,23.9,86.6,1730,919,3199,45004,1632,642,2404,20567,26.2,43.0,18.8,17.2,24.4,6.28,44.5,51.2,5.08,4.55,9.74,13.6,6.49,43.5,36.4,14.9,33.1,18.8,33.1,18.8,25.3,46.1,0,7.79,83.8,1727,280,2013,33645,1649,243,1725,15218,3.95,2.26,20.9,69.5,7.34,0.56,7.34,41.2,50.8,3.95,23.7,68.4,0,2.26,32.2,1884,29.1,2028,8117,1785,21.3,1753,2109,51.2,26.9,50.4,11.7,11.0,5.83,48.9,35.4,9.87,25.3,
2024.12.19 TCSL250 Week1 Repstim-Plate_002-Group_001-G12 Well_084_Unmixed.fcs,12.3,6016,42.3,36.6,3038,6.21,38.4,35.4,38.4,13065,4814,1874,3350,33584,8262,3392,3994,77.5,53.8,34.0,28.0,17.2,25.2,39.4,18.2,11.3,5.52,37.5,45.7,10.9,42.4,28.1,18.6,3.59,42.6,87.8,2101,2000,4811,54530,1867,1277,3055,26572,14.0,53.4,6.71,5.80,25.4,7.22,62.2,26.9,5.32,5.53,11.1,21.2,10.6,30.0,38.2,12.9,41.9,20.3,24.9,20.7,29.5,38.7,1.38,18.9,82.5,1843,692,2131,36669,1717,559,1790,15129,2.13,6.38,23.4,56.4,13.8,0,16.0,38.3,45.7,5.32,35.1,57.4,4.26,3.19,43.6,2045,113,2203,15474,1891,97.0,1921,3888,26.9,32.8,51.1,4.62,11.5,2.96,30.9,55.0,11.1,51.0,
2024.12.19 TCSL250 Week1 Repstim-Plate_002-Group_001-H1 Well_085_Unmixed.fcs,10.2,2048,40.7,36.4,3175,15.8,39.5,31.6,39.5,5118,4517,1156,2626,16618,9492,2431,3416,60.3,35.3,23.4,29.7,6.78,37.3,53.4,2.54,13.6,7.20,41.9,37.3,5.93,42.4,24.2,27.5,5.08,13.1,81.4,1986,350,4561,37843,1619,249,3411,15140,22.4,51.2,12.5,11.2,22.0,4.41,47.0,45.7,5.71,15.7,2.78,19.4,11.1,42.6,26.9,8.33,36.1,22.2,33.3,4.63,38.0,54.6,3.70,5.56,75.0,1915,122,3183,25805,1721,114,2684,9171,0,7.62,30.5,54.3,7.62,0,13.3,45.7,41.0,0.95,32.4,66.7,2.86,2.86,41.0,1766,143,2523,7380,1616,138,2123,2449,45.7,25.8,49.8,12.9,11.5,0.68,52.2,45.1,2.03,42.4,
2024.12.19 TCSL250 Week1 Repstim-Plate_002-Group_001-H2 Well_086_Unmixed.fcs,12.9,1561,53.4,49.1,3320,27.4,47.3,34.2,47.3,4760,3695,1010,2334,18464,6445,2019,2782,52.9,30.3,12.7,34.0,7.25,28.2,56.9,7.63,8.02,4.20,43.9,43.9,7.63,38.9,28.6,24.8,2.67,17.2,85.1,1774,532,4653,38366,1552,382,3366,17004,24.8,47.7,15.7,14.5,22.9,4.68,45.6,51.3,9.48,13.6,5.83,11.7,6.80,54.4,27.2,6.80,30.1,25.2,37.9,5.83,32.0,56.3,1.94,6.80,77.7,1914,124,2916,23254,1743,87.9,2399,9277,0,6.90,21.6,64.7,6.90,0.86,11.2,37.1,50.9,0,30.2,69.8,3.45,5.17,30.2,1933,260,2599,5917,1793,225,2224,1925,51.3,25.9,52.6,9.37,12.1,1.10,50.4,44.4,4.13,35.3,
2024.12.19 TCSL250 Week1 Repstim-Plate_002-Group_001-H3 Well_087_Unmixed.fcs,11.7,1408,48.0,44.7,3305,27.4,46.1,31.5,46.1,7816,3432,1406,2563,24639,6769,3114,2984,66.6,40.7,19.7,21.2,15.7,22.7,48.5,13.1,14.6,8.08,36.9,40.4,14.1,35.9,23.7,26.3,0,22.7,82.3,1544,715,3647,37095,1419,512,2760,15540,19.3,43.1,13.5,12.6,33.4,4.14,52.0,46.3,0,5.43,5.43,19.6,12.0,45.7,22.8,15.2,25.0,23.9,35.9,16.3,27.2,51.1,0,7.61,75.0,1594,86.7,2398,24863,1473,69.9,2043,8606,0,6.10,32.9,48.8,12.2,0,13.4,41.5,45.1,2.44,39.0,58.5,0,0,39.0,1933,55.0,1956,13465,1800,52.6,1756,2956,46.3,34.5,37.9,13.4,14.1,4.14,37.9,49.0,8.97,31.7,
2024.12.19 TCSL250 Week1 Repstim-Plate_002-Group_001-H4 Well_088_Unmixed.fcs,8.62,1429,45.5,41.8,3196,19.3,42.5,33.0,42.5,4566,3347,1197,2737,18312,7259,2400,3400,52.0,37.4,22.8,16.8,15.2,32.0,38.6,14.2,12.2,8.12,38.6,41.1,14.7,36.5,22.8,25.9,2.03,14.7,84.3,1781,441,3277,40945,1602,302,2461,18402,26.0,36.2,16.7,15.3,27.2,10.6,50.7,44.7,9.18,7.21,7.21,15.3,8.11,37.8,38.7,19.8,33.3,23.4,23.4,17.1,38.7,36.9,1.80,6.31,80.2,1835,58.4,2419,34109,1653,30.1,2026,13928,0,6.12,25.5,58.2,10.2,1.02,9.18,36.7,53.1,1.02,20.4,78.6,3.06,1.02,21.4,1902,-4.60,2446,4818,1742,-2.35,1865,1549,44.7,29.1,39.4,13.0,18.5,2.36,47.2,42.1,8.27,33.1,
2024.12.19 TCSL250 Week1 Repstim-Plate_002-Group_001-H5 Well_089_Unmixed.fcs,23.5,2475,84.0,79.0,3505,33.3,61.6,33.1,61.6,950,1649,1.46,1678,2715,2079,68.8,1867,12.9,2.82,2.99,8.95,10.6,15.1,56.9,17.3,10.8,18.5,54.3,16.4,10.8,14.8,19.0,55.4,0.46,5.40,55.2,1991,247,2568,9904,1825,160,2124,3659,51.5,40.3,80.5,75.8,7.05,1.08,34.0,62.9,3.48,8.32,17.7,11.0,19.0,54.0,16.0,10.7,14.4,18.8,56.0,10.8,14.8,56.7,0.16,4.55,54.8,1931,219,2440,9590,1821,143,2085,3576,4.41,4.66,31.7,58.4,5.26,0.42,6.36,40.3,52.9,2.63,17.6,75.4,1.95,1.36,11.3,1774,-47.1,1841,2272,1627,-45.9,1580,897,62.9,5.64,57.8,30.8,5.81,4.07,74.7,18.4,2.82,5.06,
2024.12.19 TCSL250 Week1 Repstim-Plate_002-Group_001-H7 Well_091_Unmixed.fcs,8.79,1432,40.6,37.4,3045,18.7,37.2,34.2,37.2,5923,3203,1038,2627,20570,7511,1909,3173,60.3,34.2,15.6,14.8,24.0,24.6,35.0,16.4,16.9,10.4,36.1,36.6,15.8,34.4,22.4,27.3,0,18.0,84.7,1870,602,3138,37546,1763,464,2346,17189,22.6,39.2,15.6,14.4,30.7,7.54,54.4,39.8,1.22,5.36,10.7,21.4,16.1,40.2,22.3,17.9,23.2,22.3,36.6,15.2,32.1,42.0,0,4.46,79.5,1884,170,2119,28479,1783,141,1855,11959,2.44,7.32,26.8,57.3,8.54,1.22,13.4,40.2,45.1,3.66,29.3,64.6,2.44,2.44,29.3,2229,94.4,1972,7361,1944,105,1681,2090,39.8,29.6,40.7,11.6,18.1,1.51,41.7,47.2,9.55,29.6,
2024.12.19 TCSL250 Week1 Repstim-Plate_002-Group_001-H8 Well_092_Unmixed.fcs,14.0,2433,56.6,51.8,3294,18.9,49.8,34.3,49.8,5106,2714,774,2411,19837,4483,2262,2854,54.8,27.5,14.0,21.3,24.1,20.6,35.9,19.4,12.7,8.80,33.8,44.7,13.9,38.9,19.4,27.8,5.32,21.5,87.3,2273,772,3697,46222,1992,564,2711,21242,26.4,45.1,21.0,19.2,24.2,4.30,45.2,51.8,6.20,10.9,9.00,18.5,10.4,40.3,30.8,17.1,29.4,17.5,36.0,22.7,24.2,44.1,5.21,3.32,84.4,2222,-7.28,2567,30212,1970,-6.32,2037,13362,2.07,4.55,19.8,64.9,10.7,1.24,10.3,40.5,47.9,2.89,21.9,73.1,3.72,1.65,35.5,2018,-70.6,2189,9146,1810,-75.8,1790,2364,51.8,27.5,53.3,10.8,8.28,7.48,50.2,32.8,9.55,24.5,
2024.12.19 TCSL250 Week1 Repstim-Plate_002-Group_001-H9 Well_093_Unmixed.fcs,10.7,1788,61.4,56.0,3359,20.2,42.6,35.2,42.6,5828,2715,951,2651,23228,5281,2252,3206,57.0,30.5,19.0,21.6,19.3,18.8,40.6,21.3,15.3,9.38,36.4,38.9,19.3,31.2,18.2,31.2,4.83,18.8,83.2,2465,826,3421,41825,2123,538,2454,16855,26.1,43.2,22.6,20.6,26.3,4.46,50.0,45.9,4.73,7.61,10.9,20.1,11.4,37.5,31.0,23.9,24.5,17.9,33.7,21.2,25.0,42.9,3.80,5.43,77.7,2310,154,2118,31826,2085,145,1731,11917,2.37,5.92,18.3,64.5,11.2,1.18,13.0,37.9,47.9,7.10,26.6,63.9,5.33,1.18,30.8,2203,-71.6,1705,8261,1938,-69.7,1427,2202,45.9,30.8,50.0,9.86,9.39,7.28,44.1,34.7,13.8,27.9,
2024.12.19 TCSL250 Week1 Repstim-Plate_002-Group_001-H10 Well_094_Unmixed.fcs,10.4,1896,47.6,42.6,3199,17.5,42.1,32.4,42.1,6385,3123,1063,2609,24883,7073,2390,3078,60.9,34.7,16.8,13.0,19.8,22.1,37.0,21.0,16.8,6.87,37.0,39.3,16.0,38.9,17.9,27.1,3.05,16.0,82.8,2277,601,3155,42461,1938,454,2268,17742,23.2,40.6,17.1,15.3,27.9,8.24,52.6,43.0,7.20,3.92,16.3,20.9,8.50,40.5,30.1,15.0,35.3,18.3,31.4,17.6,24.8,41.2,1.96,5.88,80.4,2038,204,2114,33641,1862,182,1763,13569,2.40,4.80,22.4,58.4,14.4,0,13.6,37.6,48.8,1.60,28.8,67.2,0.80,0.80,35.2,1919,28.3,2104,11128,1766,-49.0,1667,2363,43.0,32.1,43.2,11.2,13.5,5.88,43.8,41.5,8.82,30.3,
2024.12.19 TCSL250 Week1 Repstim-Plate_002-Group_001-H11 Well_095_Unmixed.fcs,24.3,3734,82.4,71.0,3148,20.5,59.2,35.0,59.2,1023,1841,-63.9,1826,2737,2441,-16.5,2139,13.4,2.17,3.82,12.3,7.34,13.6,62.4,16.7,10.5,11.8,55.9,21.9,11.0,18.1,20.0,50.9,3.34,6.36,59.5,2184,367,2894,12364,1987,160,2332,4125,51.8,40.8,79.6,68.6,6.43,0.89,35.8,60.3,5.70,11.6,17.2,10.6,12.0,55.6,21.8,11.0,18.1,19.6,51.3,7.20,13.4,62.2,2.51,5.78,59.3,2127,331,2798,11872,1962,150,2287,4097,3.04,3.24,20.5,71.2,5.11,0.39,6.08,40.6,52.9,1.62,15.5,79.8,2.46,0.97,12.7,1943,-108,2100,2536,1761,-103,1765,1006,60.3,5.54,70.8,19.8,3.89,3.06,79.0,16.4,1.59,7.20,
Mean,14.0,3261,54.5,49.4,3087,16.8,42.9,36.4,42.9,6639,2884,1020,2479,22335,5268,2315,2953,58.9,32.5,15.6,17.0,22.2,26.4,36.3,15.1,21.4,11.7,33.4,33.5,17.3,34.4,21.0,27.3,1.99,22.8,83.4,1891,944,3296,41780,1698,609,2282,18865,23.6,45.6,21.7,19.7,24.8,5.97,52.3,41.2,3.57,4.66,10.2,27.9,16.6,33.2,22.4,19.2,28.5,18.7,33.5,21.1,29.9,38.8,1.11,8.53,78.0,1786,266,1932,28348,1666,210,1638,11799,1.60,8.83,32.3,49.6,9.31,0.90,13.9,40.2,45.0,4.27,31.9,62.2,1.72,2.51,34.0,1891,44.8,1836,8773,1750,29.6,1562,2428,41.2,24.8,45.5,15.8,14.0,3.73,41.8,42.2,12.3,26.6,
SD,4.83,2155,10.8,10.3,209,7.61,5.35,4.15,5.35,2985,758,401,361,7846,2009,1415,522,12.8,11.0,6.92,8.04,7.67,6.13,9.36,4.80,8.31,4.86,7.16,9.04,5.76,5.95,4.30,7.44,2.29,8.19,6.60,340,497,1237,10909,243,275,542,6175,8.21,5.96,15.1,13.6,5.32,2.46,6.59,8.47,2.84,3.68,3.90,10.1,6.16,9.40,7.83,5.64,5.71,3.19,6.61,7.68,7.03,9.86,1.55,4.45,6.46,226,199,469,6309,191,164,366,3279,1.40,4.48,10.2,12.8,2.84,0.84,4.47,4.79,6.23,2.34,8.68,9.51,1.91,1.53,7.55,185,112,363,2861,141,97.9,271,654,8.47,6.37,7.91,6.47,4.06,1.89,12.0,9.24,6.35,9.84,
